
[2026-09-02T01:39:38Z] === TVBox collector start ===
[2026-09-02T01:39:38Z] 待处理 2 条
[2026-09-02T01:39:38Z] 剥离代理前缀 -> https://raw.githubusercontent.com/FGBLH/EHR663/refs/heads/main/Web鱼壳海豚常规23
[2026-09-02T01:39:39Z] 已自动解密 https://raw.githubusercontent.com/FGBLH/EHR663/refs/heads/main/Web%E9%B1%BC%E5%A3%B3%E6%B5%B7%E8%B1%9A%E5%B8%B8%E8%A7%8423
[2026-09-02T01:39:39Z] OK Web鱼壳海豚常规23.json (100406 字节)
[2026-09-02T01:39:39Z] 解密配置中发现 180 个子链接，继续采集...
[2026-09-02T01:39:41Z]   重试 1 失败: <urlopen error [Errno 111] Connection refused>
[2026-09-02T01:39:45Z]   重试 2 失败: <urlopen error [Errno 111] Connection refused>
[2026-09-02T01:39:51Z]   重试 3 失败: <urlopen error [Errno 111] Connection refused>
[2026-09-02T01:39:51Z] FAIL 子链接 http://127.0.0.1:9978/file/TVBox/bili_cookie.txt -> <urlopen error [Errno 111] Connection refused>
[2026-09-02T01:39:51Z] OK 4gtv.m3u (14124 字节)
[2026-09-02T01:39:52Z] OK fwc.m3u (903 字节)
[2026-09-02T01:39:53Z] OK 黄蚂蚁先锋推流源.txt (131462 字节)
[2026-09-02T01:39:55Z]   重试 1 失败: Remote end closed connection without response
[2026-09-02T01:40:29Z]   重试 2 失败: <urlopen error timed out>
[2026-09-02T01:41:05Z]   重试 3 失败: <urlopen error timed out>
[2026-09-02T01:41:35Z] FAIL 子链接 http://iptv.4666888.xyz/FYTV.txt -> <urlopen error timed out>
[2026-09-02T01:41:37Z] OK tv.m3u (974172 字节)
[2026-09-02T01:42:10Z]   重试 1 失败: <urlopen error [Errno 101] Network is unreachable>
[2026-09-02T01:42:44Z]   重试 2 失败: <urlopen error [Errno 101] Network is unreachable>
[2026-09-02T01:43:20Z]   重试 3 失败: <urlopen error [Errno 101] Network is unreachable>
[2026-09-02T01:43:50Z] FAIL 子链接 http://www.52top.com.cn:678/downloads/migu.txt -> <urlopen error [Errno 101] Network is unreachable>
[2026-09-02T01:43:50Z] OK 4gtv.txt (30450 字节)
[2026-09-02T01:43:51Z] OK 新加坡.m3u (54821 字节)
[2026-09-02T01:43:52Z] OK app.txt (65 字节)
[2026-09-02T01:43:53Z] OK live.m3u (12243 字节)
[2026-09-02T01:44:26Z]   重试 1 失败: <urlopen error timed out>
[2026-09-02T01:45:00Z]   重试 2 失败: <urlopen error timed out>
[2026-09-02T01:45:01Z] OK 20251023002031-6064033c16.js (45892 字节)
[2026-09-02T01:45:02Z] OK 20251023002108-a4795930ec.js (10792 字节)
[2026-09-02T01:45:03Z] OK 20251023002144-0e40887294.js (16720 字节)
[2026-09-02T01:45:05Z] OK 20251023002200-507c3e8aae.js (66029 字节)
[2026-09-02T01:45:08Z]   重试 1 失败: HTTP Error 403: Forbidden
[2026-09-02T01:45:12Z]   重试 2 失败: HTTP Error 403: Forbidden
[2026-09-02T01:45:19Z]   重试 3 失败: HTTP Error 403: Forbidden
[2026-09-02T01:45:20Z] FAIL 子链接 https://cnb.cool/fish2018/xs/-/git/raw/main/XBPQ/哆啦新番社.json -> HTTP Error 403: Forbidden
[2026-09-02T01:45:23Z]   重试 1 失败: HTTP Error 403: Forbidden
[2026-09-02T01:45:27Z]   重试 2 失败: HTTP Error 403: Forbidden
[2026-09-02T01:45:34Z]   重试 3 失败: HTTP Error 403: Forbidden
[2026-09-02T01:45:35Z] FAIL 子链接 https://cnb.cool/fish2018/xs/-/git/raw/main/XBPQ/小镇影视.json -> HTTP Error 403: Forbidden
[2026-09-02T01:45:37Z]   重试 1 失败: HTTP Error 403: Forbidden
[2026-09-02T01:45:42Z]   重试 2 失败: HTTP Error 403: Forbidden
[2026-09-02T01:45:49Z]   重试 3 失败: HTTP Error 403: Forbidden
[2026-09-02T01:45:49Z] FAIL 子链接 https://cnb.cool/fish2018/xs/-/git/raw/main/XBPQ/永乐影视.json -> HTTP Error 403: Forbidden
[2026-09-02T01:45:52Z]   重试 1 失败: HTTP Error 403: Forbidden
[2026-09-02T01:45:57Z]   重试 2 失败: HTTP Error 403: Forbidden
[2026-09-02T01:46:03Z]   重试 3 失败: HTTP Error 403: Forbidden
[2026-09-02T01:46:04Z] FAIL 子链接 https://cnb.cool/fish2018/xs/-/git/raw/main/XBPQ/面包影视.json -> HTTP Error 403: Forbidden
[2026-09-02T01:46:07Z]   重试 1 失败: HTTP Error 403: Forbidden
[2026-09-02T01:46:11Z]   重试 2 失败: HTTP Error 403: Forbidden
[2026-09-02T01:46:18Z]   重试 3 失败: HTTP Error 403: Forbidden
[2026-09-02T01:46:19Z] FAIL 子链接 https://cnb.cool/fish2018/xs/-/git/raw/main/XYQHiker/剧圈影视.json -> HTTP Error 403: Forbidden
[2026-09-02T01:46:21Z]   重试 1 失败: HTTP Error 403: Forbidden
[2026-09-02T01:46:26Z]   重试 2 失败: HTTP Error 403: Forbidden
[2026-09-02T01:46:33Z]   重试 3 失败: HTTP Error 403: Forbidden
[2026-09-02T01:46:34Z] FAIL 子链接 https://cnb.cool/fish2018/xs/-/git/raw/main/XYQHiker/巴士动漫.json -> HTTP Error 403: Forbidden
[2026-09-02T01:46:36Z]   重试 1 失败: HTTP Error 403: Forbidden
[2026-09-02T01:46:41Z]   重试 2 失败: HTTP Error 403: Forbidden
[2026-09-02T01:46:48Z]   重试 3 失败: HTTP Error 403: Forbidden
[2026-09-02T01:46:48Z] FAIL 子链接 https://cnb.cool/fish2018/xs/-/git/raw/main/XYQHiker/电影港.json -> HTTP Error 403: Forbidden
[2026-09-02T01:46:51Z]   重试 1 失败: HTTP Error 403: Forbidden
[2026-09-02T01:46:55Z]   重试 2 失败: HTTP Error 403: Forbidden
[2026-09-02T01:47:02Z]   重试 3 失败: HTTP Error 403: Forbidden
[2026-09-02T01:47:03Z] FAIL 子链接 https://cnb.cool/fish2018/xs/-/git/raw/main/js/Anime1.js -> HTTP Error 403: Forbidden
[2026-09-02T01:47:05Z]   重试 1 失败: HTTP Error 403: Forbidden
[2026-09-02T01:47:10Z]   重试 2 失败: HTTP Error 403: Forbidden
[2026-09-02T01:47:17Z]   重试 3 失败: HTTP Error 403: Forbidden
[2026-09-02T01:47:17Z] FAIL 子链接 https://cnb.cool/fish2018/xs/-/git/raw/main/js/drpy2.min.js -> HTTP Error 403: Forbidden
[2026-09-02T01:47:20Z]   重试 1 失败: HTTP Error 403: Forbidden
[2026-09-02T01:47:25Z]   重试 2 失败: HTTP Error 403: Forbidden
[2026-09-02T01:47:31Z]   重试 3 失败: HTTP Error 403: Forbidden
[2026-09-02T01:47:32Z] FAIL 子链接 https://cnb.cool/fish2018/xs/-/git/raw/main/js/去看吧.js -> HTTP Error 403: Forbidden
[2026-09-02T01:47:35Z]   重试 1 失败: HTTP Error 403: Forbidden
[2026-09-02T01:47:39Z]   重试 2 失败: HTTP Error 403: Forbidden
[2026-09-02T01:47:46Z]   重试 3 失败: HTTP Error 403: Forbidden
[2026-09-02T01:47:47Z] FAIL 子链接 https://cnb.cool/fish2018/xs/-/git/raw/main/js/路漫漫.js -> HTTP Error 403: Forbidden
[2026-09-02T01:47:49Z]   重试 1 失败: HTTP Error 403: Forbidden
[2026-09-02T01:47:54Z]   重试 2 失败: HTTP Error 403: Forbidden
[2026-09-02T01:48:00Z]   重试 3 失败: HTTP Error 403: Forbidden
[2026-09-02T01:48:01Z] FAIL 子链接 https://cnb.cool/fish2018/xs/-/git/raw/main/json/哔哩哔哩听书.json -> HTTP Error 403: Forbidden
[2026-09-02T01:48:04Z]   重试 1 失败: HTTP Error 403: Forbidden
[2026-09-02T01:48:08Z]   重试 2 失败: HTTP Error 403: Forbidden
[2026-09-02T01:48:15Z]   重试 3 失败: HTTP Error 403: Forbidden
[2026-09-02T01:48:16Z] FAIL 子链接 https://cnb.cool/fish2018/xs/-/git/raw/main/py/哔哩直播.py -> HTTP Error 403: Forbidden
[2026-09-02T01:48:18Z]   重试 1 失败: HTTP Error 403: Forbidden
[2026-09-02T01:48:23Z]   重试 2 失败: HTTP Error 403: Forbidden
[2026-09-02T01:48:30Z]   重试 3 失败: HTTP Error 403: Forbidden
[2026-09-02T01:48:30Z] FAIL 子链接 https://cnb.cool/fish2018/xs/-/git/raw/main/py/星芽短剧.py -> HTTP Error 403: Forbidden
[2026-09-02T01:48:33Z]   重试 1 失败: HTTP Error 403: Forbidden
[2026-09-02T01:48:38Z]   重试 2 失败: HTTP Error 403: Forbidden
[2026-09-02T01:48:44Z]   重试 3 失败: HTTP Error 403: Forbidden
[2026-09-02T01:48:45Z] FAIL 子链接 https://cnb.cool/fish2018/xs/-/git/raw/main/py/爱听音乐.py -> HTTP Error 403: Forbidden
[2026-09-02T01:48:48Z]   重试 1 失败: HTTP Error 403: Forbidden
[2026-09-02T01:48:52Z]   重试 2 失败: HTTP Error 403: Forbidden
[2026-09-02T01:48:59Z]   重试 3 失败: HTTP Error 403: Forbidden
[2026-09-02T01:49:00Z] FAIL 子链接 https://cnb.cool/fish2018/xs/-/git/raw/main/py/网络直播.py -> HTTP Error 403: Forbidden
[2026-09-02T01:50:59Z] OK 小新TV.txt (15468469 字节)
[2026-09-02T01:51:02Z]   重试 1 失败: HTTP Error 404: Not Found
[2026-09-02T01:51:08Z]   重试 2 失败: HTTP Error 404: Not Found
[2026-09-02T01:51:14Z]   重试 3 失败: HTTP Error 404: Not Found
[2026-09-02T01:51:15Z] FAIL 子链接 https://dm-1255775577.cos.ap-guangzhou.myqcloud.com/dmg/api.txt -> HTTP Error 404: Not Found
[2026-09-02T01:51:48Z]   重试 1 失败: <urlopen error timed out>
[2026-09-02T01:52:22Z]   重试 2 失败: <urlopen error timed out>
[2026-09-02T01:52:58Z]   重试 3 失败: <urlopen error timed out>
[2026-09-02T01:53:28Z] FAIL 子链接 https://dyttandroid-1372779881.cos.ap-guangzhou.myqcloud.com/app_dyttandroid.txt -> <urlopen error timed out>
[2026-09-02T01:53:29Z] OK app_dyttandroid.txt (65 字节)
[2026-09-02T01:53:29Z] OK test_channels_taiwan.m3u (22875 字节)
[2026-09-02T01:53:30Z] OK 360聚合.html (19561 字节)
[2026-09-02T01:53:30Z] OK 6v.html (39015 字节)
[2026-09-02T01:53:30Z] OK libvio.html (45027 字节)
[2026-09-02T01:53:30Z] OK ppnix.html (25163 字节)
[2026-09-02T01:53:30Z] OK ptt.html (32413 字节)
[2026-09-02T01:53:30Z] OK youtube.html (93936 字节)
[2026-09-02T01:53:30Z] OK 厂长.html (30320 字节)
[2026-09-02T01:53:30Z] OK 歪比巴卜.html (30055 字节)
[2026-09-02T01:53:30Z] OK 海豚影视.html (8319 字节)
[2026-09-02T01:53:30Z] OK 玩偶聚合.html (17259 字节)
[2026-09-02T01:53:30Z] OK 观影.html (19111 字节)
[2026-09-02T01:53:31Z] OK 3E7E0C8A023B624CEC6BDCC200F06F02.js (67948 字节)
[2026-09-02T01:53:32Z] OK h3mb5a.txt (49972 字节)
[2026-09-02T01:53:53Z]   重试 1 失败: HTTP Error 522: <none>
[2026-09-02T01:54:17Z]   重试 2 失败: HTTP Error 522: <none>
[2026-09-02T01:54:42Z]   重试 3 失败: HTTP Error 522: <none>
[2026-09-02T01:55:02Z] FAIL 子链接 https://gh-proxy.org/https://github.com/bang359/dsj/raw/main/dsjcs.txt -> HTTP Error 522: <none>
[2026-09-02T01:55:02Z] 剥离代理前缀 -> https://raw.githubusercontent.com/807080747/zv/refs/heads/main/sese.txt
[2026-09-02T01:55:02Z] OK sese.txt (63495 字节)
[2026-09-02T01:55:02Z] 剥离代理前缀 -> https://raw.githubusercontent.com/Jsnzkpg/Jsnzkpg/Jsnzkpg/Jsnzkpg1.m3u
[2026-09-02T01:55:04Z]   重试 1 失败: HTTP Error 404: Not Found
[2026-09-02T01:55:08Z]   重试 2 失败: HTTP Error 404: Not Found
[2026-09-02T01:55:14Z]   重试 3 失败: HTTP Error 404: Not Found
[2026-09-02T01:55:14Z] FAIL 子链接 https://gh-proxy.org/https://raw.githubusercontent.com/Jsnzkpg/Jsnzkpg/Jsnzkpg/Jsnzkpg1.m3u -> HTTP Error 404: Not Found
[2026-09-02T01:55:14Z] 剥离代理前缀 -> https://raw.githubusercontent.com/vinkerq/iptv-api/refs/heads/master/iptv.txt
[2026-09-02T01:55:16Z] OK iptv.txt (392967 字节)
[2026-09-02T01:55:16Z] 剥离代理前缀 -> https://raw.githubusercontent.com/wujiangliu/live-sources/refs/heads/main/%E5%85%A8%E7%90%83%E7%9B%B4%E6%92%AD.m3u
[2026-09-02T01:55:16Z] OK 全球直播.m3u (2697510 字节)
[2026-09-02T01:55:16Z] 剥离代理前缀 -> https://raw.githubusercontent.com/wujiangliu/live-sources/refs/heads/main/bhmb.m3u
[2026-09-02T01:55:16Z] OK bhmb.m3u (238157 字节)
[2026-09-02T01:55:16Z] 剥离代理前缀 -> https://raw.githubusercontent.com/Kimentanm/aptv/master/m3u/iptv.m3u
[2026-09-02T01:55:16Z] OK iptv.m3u (21944 字节)
[2026-09-02T01:55:16Z] 剥离代理前缀 -> https://raw.githubusercontent.com/develop202/migu_video/refs/heads/main/interface.txt
[2026-09-02T01:55:16Z] OK interface.txt (469 字节)
[2026-09-02T01:55:16Z] 剥离代理前缀 -> https://raw.githubusercontent.com/FGBLH/EHR663/refs/heads/main/4gtv.txt
[2026-09-02T01:55:16Z] OK 4gtv.txt (7714 字节)
[2026-09-02T01:55:16Z] 剥离代理前缀 -> https://raw.githubusercontent.com/FGBLH/EHR663/refs/heads/main/Nettv.txt
[2026-09-02T01:55:16Z] OK Nettv.txt (12238 字节)
[2026-09-02T01:55:16Z] 剥离代理前缀 -> https://raw.githubusercontent.com/FGBLH/EHR663/refs/heads/main/py/275听书.py
[2026-09-02T01:55:16Z] OK 275听书.py (1566543 字节)
[2026-09-02T01:55:16Z] 剥离代理前缀 -> https://raw.githubusercontent.com/FGBLH/EHR663/refs/heads/main/py/456电影网.py
[2026-09-02T01:55:16Z] OK 456电影网.py (19686 字节)
[2026-09-02T01:55:16Z] 剥离代理前缀 -> https://raw.githubusercontent.com/FGBLH/EHR663/refs/heads/main/py/4K影视.py
[2026-09-02T01:55:16Z] OK 4K影视.py (16064 字节)
[2026-09-02T01:55:16Z] 剥离代理前缀 -> https://raw.githubusercontent.com/FGBLH/EHR663/refs/heads/main/py/58影视.py
[2026-09-02T01:55:17Z] OK 58影视.py (15918 字节)
[2026-09-02T01:55:17Z] 剥离代理前缀 -> https://raw.githubusercontent.com/FGBLH/EHR663/refs/heads/main/py/808影院.py
[2026-09-02T01:55:17Z] OK 808影院.py (24014 字节)
[2026-09-02T01:55:17Z] 剥离代理前缀 -> https://raw.githubusercontent.com/FGBLH/EHR663/refs/heads/main/py/DJ呦呦.py
[2026-09-02T01:55:17Z] OK DJ呦呦.py (16769 字节)
[2026-09-02T01:55:17Z] 剥离代理前缀 -> https://raw.githubusercontent.com/FGBLH/EHR663/refs/heads/main/py/FreeOK.py
[2026-09-02T01:55:17Z] OK FreeOK.py (37731 字节)
[2026-09-02T01:55:17Z] 剥离代理前缀 -> https://raw.githubusercontent.com/FGBLH/EHR663/refs/heads/main/py/MiFun动漫.py
[2026-09-02T01:55:17Z] OK MiFun动漫.py (9275 字节)
[2026-09-02T01:55:17Z] 剥离代理前缀 -> https://raw.githubusercontent.com/FGBLH/EHR663/refs/heads/main/py/七味.py
[2026-09-02T01:55:17Z] OK 七味.py (36439 字节)
[2026-09-02T01:55:17Z] 剥离代理前缀 -> https://raw.githubusercontent.com/FGBLH/EHR663/refs/heads/main/py/七猫影视.py
[2026-09-02T01:55:17Z] OK 七猫影视.py (10536 字节)
[2026-09-02T01:55:17Z] 剥离代理前缀 -> https://raw.githubusercontent.com/FGBLH/EHR663/refs/heads/main/py/优酷视频.py
[2026-09-02T01:55:17Z] OK 优酷视频.py (13115 字节)
[2026-09-02T01:55:17Z] 剥离代理前缀 -> https://raw.githubusercontent.com/FGBLH/EHR663/refs/heads/main/py/低端影视.py
[2026-09-02T01:55:17Z] OK 低端影视.py (8756 字节)
[2026-09-02T01:55:17Z] 剥离代理前缀 -> https://raw.githubusercontent.com/FGBLH/EHR663/refs/heads/main/py/兄弟影视.py
[2026-09-02T01:55:17Z] OK 兄弟影视.py (26371 字节)
[2026-09-02T01:55:17Z] 剥离代理前缀 -> https://raw.githubusercontent.com/FGBLH/EHR663/refs/heads/main/py/八天电影.py
[2026-09-02T01:55:17Z] OK 八天电影.py (18617 字节)
[2026-09-02T01:55:17Z] 剥离代理前缀 -> https://raw.githubusercontent.com/FGBLH/EHR663/refs/heads/main/py/共青春影院.py
[2026-09-02T01:55:17Z] OK 共青春影院.py (11029 字节)
[2026-09-02T01:55:17Z] 剥离代理前缀 -> https://raw.githubusercontent.com/FGBLH/EHR663/refs/heads/main/py/农民影视.py
[2026-09-02T01:55:17Z] OK 农民影视.py (10786 字节)
[2026-09-02T01:55:17Z] 剥离代理前缀 -> https://raw.githubusercontent.com/FGBLH/EHR663/refs/heads/main/py/初见影视.py
[2026-09-02T01:55:17Z] OK 初见影视.py (32944 字节)
[2026-09-02T01:55:17Z] 剥离代理前缀 -> https://raw.githubusercontent.com/FGBLH/EHR663/refs/heads/main/py/剧OK.py
[2026-09-02T01:55:17Z] OK 剧OK.py (19498 字节)
[2026-09-02T01:55:17Z] 剥离代理前缀 -> https://raw.githubusercontent.com/FGBLH/EHR663/refs/heads/main/py/动漫啦.py
[2026-09-02T01:55:17Z] OK 动漫啦.py (12175 字节)
[2026-09-02T01:55:17Z] 剥离代理前缀 -> https://raw.githubusercontent.com/FGBLH/EHR663/refs/heads/main/py/动漫巴士.py
[2026-09-02T01:55:17Z] OK 动漫巴士.py (19627 字节)
[2026-09-02T01:55:17Z] 剥离代理前缀 -> https://raw.githubusercontent.com/FGBLH/EHR663/refs/heads/main/py/努努影院.py
[2026-09-02T01:55:18Z] OK 努努影院.py (12686 字节)
[2026-09-02T01:55:18Z] 剥离代理前缀 -> https://raw.githubusercontent.com/FGBLH/EHR663/refs/heads/main/py/华数TV.py
[2026-09-02T01:55:18Z] OK 华数TV.py (27647 字节)
[2026-09-02T01:55:18Z] 剥离代理前缀 -> https://raw.githubusercontent.com/FGBLH/EHR663/refs/heads/main/py/厂长影视.py
[2026-09-02T01:55:18Z] OK 厂长影视.py (13820 字节)
[2026-09-02T01:55:18Z] 剥离代理前缀 -> https://raw.githubusercontent.com/FGBLH/EHR663/refs/heads/main/py/可可影视.py
[2026-09-02T01:55:18Z] OK 可可影视.py (15430 字节)
[2026-09-02T01:55:18Z] 剥离代理前缀 -> https://raw.githubusercontent.com/FGBLH/EHR663/refs/heads/main/py/咖啡直播.py
[2026-09-02T01:55:18Z] OK 咖啡直播.py (14689 字节)
[2026-09-02T01:55:18Z] 剥离代理前缀 -> https://raw.githubusercontent.com/FGBLH/EHR663/refs/heads/main/py/哇哇APP.py
[2026-09-02T01:55:18Z] OK 哇哇APP.py (9559 字节)
[2026-09-02T01:55:18Z] 剥离代理前缀 -> https://raw.githubusercontent.com/FGBLH/EHR663/refs/heads/main/py/哔哩直播.py
[2026-09-02T01:55:18Z] OK 哔哩直播.py (11086 字节)
[2026-09-02T01:55:18Z] 剥离代理前缀 -> https://raw.githubusercontent.com/FGBLH/EHR663/refs/heads/main/py/喜福短剧.py
[2026-09-02T01:55:18Z] OK 喜福短剧.py (8848 字节)
[2026-09-02T01:55:18Z] 剥离代理前缀 -> https://raw.githubusercontent.com/FGBLH/EHR663/refs/heads/main/py/嘀嗒影视.py
[2026-09-02T01:55:18Z] OK 嘀嗒影视.py (17513 字节)
[2026-09-02T01:55:18Z] 剥离代理前缀 -> https://raw.githubusercontent.com/FGBLH/EHR663/refs/heads/main/py/多瑙影院.py
[2026-09-02T01:55:18Z] OK 多瑙影院.py (19829 字节)
[2026-09-02T01:55:18Z] 剥离代理前缀 -> https://raw.githubusercontent.com/FGBLH/EHR663/refs/heads/main/py/太乙影视.py
[2026-09-02T01:55:18Z] OK 太乙影视.py (39599 字节)
[2026-09-02T01:55:18Z] 剥离代理前缀 -> https://raw.githubusercontent.com/FGBLH/EHR663/refs/heads/main/py/奇优影院.py
[2026-09-02T01:55:18Z] OK 奇优影院.py (17566 字节)
[2026-09-02T01:55:18Z] 剥离代理前缀 -> https://raw.githubusercontent.com/FGBLH/EHR663/refs/heads/main/py/奇点影视.py
[2026-09-02T01:55:19Z] OK 奇点影视.py (22831 字节)
[2026-09-02T01:55:19Z] 剥离代理前缀 -> https://raw.githubusercontent.com/FGBLH/EHR663/refs/heads/main/py/奈非工厂.py
[2026-09-02T01:55:19Z] OK 奈非工厂.py (15852 字节)
[2026-09-02T01:55:19Z] 剥离代理前缀 -> https://raw.githubusercontent.com/FGBLH/EHR663/refs/heads/main/py/好剧屋.py
[2026-09-02T01:55:19Z] OK 好剧屋.py (40500 字节)
[2026-09-02T01:55:19Z] 剥离代理前缀 -> https://raw.githubusercontent.com/FGBLH/EHR663/refs/heads/main/py/威视TV.py
[2026-09-02T01:55:19Z] OK 威视TV.py (20509 字节)
[2026-09-02T01:55:19Z] 剥离代理前缀 -> https://raw.githubusercontent.com/FGBLH/EHR663/refs/heads/main/py/悟圣短剧.py
[2026-09-02T01:55:19Z] OK 悟圣短剧.py (8331 字节)
[2026-09-02T01:55:19Z] 剥离代理前缀 -> https://raw.githubusercontent.com/FGBLH/EHR663/refs/heads/main/py/悟空影视.py
[2026-09-02T01:55:19Z] OK 悟空影视.py (20042 字节)
[2026-09-02T01:55:19Z] 剥离代理前缀 -> https://raw.githubusercontent.com/FGBLH/EHR663/refs/heads/main/py/悦听吧.py
[2026-09-02T01:55:19Z] OK 悦听吧.py (14744 字节)
[2026-09-02T01:55:19Z] 剥离代理前缀 -> https://raw.githubusercontent.com/FGBLH/EHR663/refs/heads/main/py/星河影视.py
[2026-09-02T01:55:19Z] OK 星河影视.py (20925 字节)
[2026-09-02T01:55:19Z] 剥离代理前缀 -> https://raw.githubusercontent.com/FGBLH/EHR663/refs/heads/main/py/星芽短剧.py
[2026-09-02T01:55:19Z] OK 星芽短剧.py (10592 字节)
[2026-09-02T01:55:19Z] 剥离代理前缀 -> https://raw.githubusercontent.com/FGBLH/EHR663/refs/heads/main/py/星辰影院.py
[2026-09-02T01:55:19Z] OK 星辰影院.py (8743 字节)
[2026-09-02T01:55:19Z] 剥离代理前缀 -> https://raw.githubusercontent.com/FGBLH/EHR663/refs/heads/main/py/映像星球.py
[2026-09-02T01:55:19Z] OK 映像星球.py (17583 字节)
[2026-09-02T01:55:19Z] 剥离代理前缀 -> https://raw.githubusercontent.com/FGBLH/EHR663/refs/heads/main/py/枝枝影视.py
[2026-09-02T01:55:19Z] OK 枝枝影视.py (19924 字节)
[2026-09-02T01:55:19Z] 剥离代理前缀 -> https://raw.githubusercontent.com/FGBLH/EHR663/refs/heads/main/py/枫叶4K.py
[2026-09-02T01:55:19Z] OK 枫叶4K.py (24800 字节)
[2026-09-02T01:55:19Z] 剥离代理前缀 -> https://raw.githubusercontent.com/FGBLH/EHR663/refs/heads/main/py/枫叶音乐.py
[2026-09-02T01:55:19Z] OK 枫叶音乐.py (11187 字节)
[2026-09-02T01:55:19Z] 剥离代理前缀 -> https://raw.githubusercontent.com/FGBLH/EHR663/refs/heads/main/py/柯南影视.py
[2026-09-02T01:55:19Z] OK 柯南影视.py (24653 字节)
[2026-09-02T01:55:19Z] 剥离代理前缀 -> https://raw.githubusercontent.com/FGBLH/EHR663/refs/heads/main/py/毒舌影视.py
[2026-09-02T01:55:19Z] OK 毒舌影视.py (7570 字节)
[2026-09-02T01:55:19Z] 剥离代理前缀 -> https://raw.githubusercontent.com/FGBLH/EHR663/refs/heads/main/py/永乐视频.py
[2026-09-02T01:55:20Z] OK 永乐视频.py (10012 字节)
[2026-09-02T01:55:20Z] 剥离代理前缀 -> https://raw.githubusercontent.com/FGBLH/EHR663/refs/heads/main/py/河马剧场.py
[2026-09-02T01:55:20Z] OK 河马剧场.py (14139 字节)
[2026-09-02T01:55:20Z] 剥离代理前缀 -> https://raw.githubusercontent.com/FGBLH/EHR663/refs/heads/main/py/油管.py
[2026-09-02T01:55:20Z] OK 油管.py (62102 字节)
[2026-09-02T01:55:20Z] 剥离代理前缀 -> https://raw.githubusercontent.com/FGBLH/EHR663/refs/heads/main/py/油管直播.py
[2026-09-02T01:55:20Z] OK 油管直播.py (32918 字节)
[2026-09-02T01:55:20Z] 剥离代理前缀 -> https://raw.githubusercontent.com/FGBLH/EHR663/refs/heads/main/py/泥视频.py
[2026-09-02T01:55:20Z] OK 泥视频.py (15260 字节)
[2026-09-02T01:55:20Z] 剥离代理前缀 -> https://raw.githubusercontent.com/FGBLH/EHR663/refs/heads/main/py/热播APP.py
[2026-09-02T01:55:20Z] OK 热播APP.py (6185 字节)
[2026-09-02T01:55:20Z] 剥离代理前缀 -> https://raw.githubusercontent.com/FGBLH/EHR663/refs/heads/main/py/熊猫直播.py
[2026-09-02T01:55:20Z] OK 熊猫直播.py (11557 字节)
[2026-09-02T01:55:20Z] 剥离代理前缀 -> https://raw.githubusercontent.com/FGBLH/EHR663/refs/heads/main/py/爱壹帆.py
[2026-09-02T01:55:20Z] OK 爱壹帆.py (12325 字节)
[2026-09-02T01:55:20Z] 剥离代理前缀 -> https://raw.githubusercontent.com/FGBLH/EHR663/refs/heads/main/py/爱看机器人.py
[2026-09-02T01:55:20Z] OK 爱看机器人.py (11677 字节)
[2026-09-02T01:55:20Z] 剥离代理前缀 -> https://raw.githubusercontent.com/FGBLH/EHR663/refs/heads/main/py/瓜子APP.py
[2026-09-02T01:55:20Z] OK 瓜子APP.py (21239 字节)
[2026-09-02T01:55:20Z] 剥离代理前缀 -> https://raw.githubusercontent.com/FGBLH/EHR663/refs/heads/main/py/皮皮虾.py
[2026-09-02T01:55:20Z] OK 皮皮虾.py (7676 字节)
[2026-09-02T01:55:20Z] 剥离代理前缀 -> https://raw.githubusercontent.com/FGBLH/EHR663/refs/heads/main/py/真狼影视.py
[2026-09-02T01:55:20Z] OK 真狼影视.py (47866 字节)
[2026-09-02T01:55:20Z] 剥离代理前缀 -> https://raw.githubusercontent.com/FGBLH/EHR663/refs/heads/main/py/短剧巴士.py
[2026-09-02T01:55:20Z] OK 短剧巴士.py (19856 字节)
[2026-09-02T01:55:20Z] 剥离代理前缀 -> https://raw.githubusercontent.com/FGBLH/EHR663/refs/heads/main/py/短剧聚合.py
[2026-09-02T01:55:20Z] OK 短剧聚合.py (38591 字节)
[2026-09-02T01:55:20Z] 剥离代理前缀 -> https://raw.githubusercontent.com/FGBLH/EHR663/refs/heads/main/py/神马影视.py
[2026-09-02T01:55:20Z] OK 神马影视.py (20054 字节)
[2026-09-02T01:55:20Z] 剥离代理前缀 -> https://raw.githubusercontent.com/FGBLH/EHR663/refs/heads/main/py/糯米短剧.py
[2026-09-02T01:55:20Z] OK 糯米短剧.py (17344 字节)
[2026-09-02T01:55:20Z] 剥离代理前缀 -> https://raw.githubusercontent.com/FGBLH/EHR663/refs/heads/main/py/网飞TV.py
[2026-09-02T01:55:20Z] OK 网飞TV.py (45107 字节)
[2026-09-02T01:55:20Z] 剥离代理前缀 -> https://raw.githubusercontent.com/FGBLH/EHR663/refs/heads/main/py/美剧天堂.py
[2026-09-02T01:55:21Z] OK 美剧天堂.py (11841 字节)
[2026-09-02T01:55:21Z] 剥离代理前缀 -> https://raw.githubusercontent.com/FGBLH/EHR663/refs/heads/main/py/聚合直播.py
[2026-09-02T01:55:21Z] OK 聚合直播.py (50682 字节)
[2026-09-02T01:55:21Z] 剥离代理前缀 -> https://raw.githubusercontent.com/FGBLH/EHR663/refs/heads/main/py/腾讯视频.py
[2026-09-02T01:55:21Z] OK 腾讯视频.py (14934 字节)
[2026-09-02T01:55:21Z] 剥离代理前缀 -> https://raw.githubusercontent.com/FGBLH/EHR663/refs/heads/main/py/芒果TV.py
[2026-09-02T01:55:21Z] OK 芒果TV.py (7597 字节)
[2026-09-02T01:55:21Z] 剥离代理前缀 -> https://raw.githubusercontent.com/FGBLH/EHR663/refs/heads/main/py/茶杯狐.py
[2026-09-02T01:55:21Z] OK 茶杯狐.py (11260 字节)
[2026-09-02T01:55:21Z] 剥离代理前缀 -> https://raw.githubusercontent.com/FGBLH/EHR663/refs/heads/main/py/蛋挞TV.py
[2026-09-02T01:55:21Z] OK 蛋挞TV.py (8917 字节)
[2026-09-02T01:55:21Z] 剥离代理前缀 -> https://raw.githubusercontent.com/FGBLH/EHR663/refs/heads/main/py/蝶卡影视.py
[2026-09-02T01:55:21Z] OK 蝶卡影视.py (21338 字节)
[2026-09-02T01:55:21Z] 剥离代理前缀 -> https://raw.githubusercontent.com/FGBLH/EHR663/refs/heads/main/py/袋鼠影视.py
[2026-09-02T01:55:21Z] OK 袋鼠影视.py (13066 字节)
[2026-09-02T01:55:21Z] 剥离代理前缀 -> https://raw.githubusercontent.com/FGBLH/EHR663/refs/heads/main/py/观风影视.py
[2026-09-02T01:55:21Z] OK 观风影视.py (12700 字节)
[2026-09-02T01:55:21Z] 剥离代理前缀 -> https://raw.githubusercontent.com/FGBLH/EHR663/refs/heads/main/py/视觉影院.py
[2026-09-02T01:55:21Z] OK 视觉影院.py (15885 字节)
[2026-09-02T01:55:21Z] 剥离代理前缀 -> https://raw.githubusercontent.com/FGBLH/EHR663/refs/heads/main/py/豆花影视.py
[2026-09-02T01:55:21Z] OK 豆花影视.py (28921 字节)
[2026-09-02T01:55:21Z] 剥离代理前缀 -> https://raw.githubusercontent.com/FGBLH/EHR663/refs/heads/main/py/追光影视.py
[2026-09-02T01:55:21Z] OK 追光影视.py (14998 字节)
[2026-09-02T01:55:21Z] 剥离代理前缀 -> https://raw.githubusercontent.com/FGBLH/EHR663/refs/heads/main/py/追影.py
[2026-09-02T01:55:21Z] OK 追影.py (16396 字节)
[2026-09-02T01:55:21Z] 剥离代理前缀 -> https://raw.githubusercontent.com/FGBLH/EHR663/refs/heads/main/py/酷我音乐.py
[2026-09-02T01:55:21Z] OK 酷我音乐.py (14805 字节)
[2026-09-02T01:55:21Z] 剥离代理前缀 -> https://raw.githubusercontent.com/FGBLH/EHR663/refs/heads/main/py/采集聚合.py
[2026-09-02T01:55:21Z] OK 采集聚合.py (10092 字节)
[2026-09-02T01:55:21Z] 剥离代理前缀 -> https://raw.githubusercontent.com/FGBLH/EHR663/refs/heads/main/py/金牌APP.py
[2026-09-02T01:55:21Z] OK 金牌APP.py (20045 字节)
[2026-09-02T01:55:21Z] 剥离代理前缀 -> https://raw.githubusercontent.com/FGBLH/EHR663/refs/heads/main/py/韩小圈.py
[2026-09-02T01:55:22Z] OK 韩小圈.py (10868 字节)
[2026-09-02T01:55:22Z] 剥离代理前缀 -> https://raw.githubusercontent.com/FGBLH/EHR663/refs/heads/main/py/骚火影视.py
[2026-09-02T01:55:22Z] OK 骚火影视.py (8863 字节)
[2026-09-02T01:55:22Z] 剥离代理前缀 -> https://raw.githubusercontent.com/FGBLH/EHR663/refs/heads/main/py/麒麟影视.py
[2026-09-02T01:55:22Z] OK 麒麟影视.py (10322 字节)
[2026-09-02T01:55:22Z] 剥离代理前缀 -> https://raw.githubusercontent.com/FGBLH/EHR663/refs/heads/main/py/麦田影院.py
[2026-09-02T01:55:22Z] OK 麦田影院.py (32477 字节)
[2026-09-02T01:55:22Z] 剥离代理前缀 -> https://raw.githubusercontent.com/FGBLH/EHR663/refs/heads/main/py/麻花影视.py
[2026-09-02T01:55:22Z] OK 麻花影视.py (9864 字节)
[2026-09-02T01:55:22Z] 剥离代理前缀 -> https://raw.githubusercontent.com/IY-CPU/IY/main/lib/drpy2.min.js
[2026-09-02T01:55:22Z] OK drpy2.min.js (111826 字节)
[2026-09-02T01:55:22Z] 剥离代理前缀 -> https://raw.githubusercontent.com/develop202/migu_video/refs/heads/main/interface.txt
[2026-09-02T01:55:22Z] SKIP 已处理 https://raw.githubusercontent.com/develop202/migu_video/refs/heads/main/interface.txt
[2026-09-02T01:55:22Z] 剥离代理前缀 -> https://raw.githubusercontent.com/phu889/kjh998/FGBLH/EHR663/refs/heads/main/jar_js/央视直播.js
[2026-09-02T01:55:24Z]   重试 1 失败: HTTP Error 404: Not Found
[2026-09-02T01:55:28Z]   重试 2 失败: HTTP Error 404: Not Found
[2026-09-02T01:55:34Z]   重试 3 失败: HTTP Error 404: Not Found
[2026-09-02T01:55:34Z] FAIL 子链接 https://ghfast.top/https://raw.githubusercontent.com/phu889/kjh998/FGBLH/EHR663/refs/heads/main/jar_js/央视直播.js -> HTTP Error 404: Not Found
[2026-09-02T01:55:34Z] 剥离代理前缀 -> https://raw.githubusercontent.com/phu889/kjh998/refs/heads/main/jar_js/Music1.json
[2026-09-02T01:55:34Z] OK Music1.json (3112 字节)
[2026-09-02T01:55:34Z] 剥离代理前缀 -> https://raw.githubusercontent.com/phu889/kjh998/refs/heads/main/jar_js/开心影院.js
[2026-09-02T01:55:34Z] OK 开心影院.js (16056 字节)
[2026-09-02T01:55:34Z] 剥离代理前缀 -> https://raw.githubusercontent.com/phu889/kjh998/refs/heads/main/jar_js/拾光影视.js
[2026-09-02T01:55:34Z] OK 拾光影视.js (7386 字节)
[2026-09-02T01:55:34Z] 剥离代理前缀 -> https://raw.githubusercontent.com/phu889/kjh998/refs/heads/main/jar_js/枫叶影院.js
[2026-09-02T01:55:34Z] OK 枫叶影院.js (12389 字节)
[2026-09-02T01:55:34Z] 剥离代理前缀 -> https://raw.githubusercontent.com/phu889/kjh998/refs/heads/main/jar_js/片库.js
[2026-09-02T01:55:34Z] OK 片库.js (11122 字节)
[2026-09-02T01:55:34Z] 剥离代理前缀 -> https://raw.githubusercontent.com/phu889/kjh998/refs/heads/main/jar_js/百度短剧.js
[2026-09-02T01:55:34Z] OK 百度短剧.js (7540 字节)
[2026-09-02T01:55:34Z] 剥离代理前缀 -> https://raw.githubusercontent.com/phu889/kjh998/refs/heads/main/jar_js/腾爱优b站.js
[2026-09-02T01:55:34Z] OK 腾爱优b站.js (14356 字节)
[2026-09-02T01:55:34Z] 剥离代理前缀 -> https://raw.githubusercontent.com/phu889/kjh998/refs/heads/main/jar_js/西瓜影视.js
[2026-09-02T01:55:34Z] OK 西瓜影视.js (8277 字节)
[2026-09-02T01:55:34Z] 剥离代理前缀 -> https://raw.githubusercontent.com/phu889/kjh998/refs/heads/main/py/云途影视.py
[2026-09-02T01:55:35Z] OK 云途影视.py (23342 字节)
[2026-09-02T01:55:35Z] 剥离代理前缀 -> https://raw.githubusercontent.com/phu889/kjh998/refs/heads/main/py/君念影院.py
[2026-09-02T01:55:35Z] OK 君念影院.py (18626 字节)
[2026-09-02T01:55:35Z] 剥离代理前缀 -> https://raw.githubusercontent.com/phu889/kjh998/refs/heads/main/py/在线短剧.py
[2026-09-02T01:55:35Z] OK 在线短剧.py (11990 字节)
[2026-09-02T01:55:35Z] 剥离代理前缀 -> https://raw.githubusercontent.com/phu889/kjh998/refs/heads/main/py/夏日影院.py
[2026-09-02T01:55:35Z] OK 夏日影院.py (33871 字节)
[2026-09-02T01:55:35Z] 剥离代理前缀 -> https://raw.githubusercontent.com/phu889/kjh998/refs/heads/main/py/永乐视频.py
[2026-09-02T01:55:35Z] OK 永乐视频.py (22682 字节)
[2026-09-02T01:55:35Z] 剥离代理前缀 -> https://raw.githubusercontent.com/phu889/kjh998/refs/heads/main/py/石榴短剧.py
[2026-09-02T01:55:35Z] OK 石榴短剧.py (15714 字节)
[2026-09-02T01:55:39Z]   重试 1 失败: HTTP Error 423: Locked
[2026-09-02T01:55:45Z]   重试 2 失败: HTTP Error 423: Locked
[2026-09-02T01:55:55Z]   重试 3 失败: HTTP Error 423: Locked
[2026-09-02T01:55:57Z] FAIL 子链接 https://gitee.com/wmmoliill/wimg/raw/master/img/bk/9.txt -> HTTP Error 423: Locked
[2026-09-02T01:55:59Z]   重试 1 失败: <urlopen error [Errno -2] Name or service not known>
[2026-09-02T01:56:04Z]   重试 2 失败: <urlopen error [Errno -2] Name or service not known>
[2026-09-02T01:56:10Z]   重试 3 失败: <urlopen error [Errno -2] Name or service not known>
[2026-09-02T01:56:10Z] FAIL 子链接 https://iptv.yang-1989.eu.org/m3u/Gather.m3u -> <urlopen error [Errno -2] Name or service not known>
[2026-09-02T01:56:11Z] OK config (838 字节)
[2026-09-02T01:56:25Z] OK live.m3u (563318 字节)
[2026-09-02T01:56:26Z] OK maotouyinghb.txt (26 字节)
[2026-09-02T01:56:28Z]   重试 1 失败: HTTP Error 404: Not Found
[2026-09-02T01:56:32Z]   重试 2 失败: HTTP Error 404: Not Found
[2026-09-02T01:56:38Z]   重试 3 失败: HTTP Error 404: Not Found
[2026-09-02T01:56:38Z] FAIL 子链接 https://nm.xxxc137.top/static/player/artplayer.html?url= -> HTTP Error 404: Not Found
[2026-09-02T01:56:41Z]   重试 1 失败: HTTP Error 403: Forbidden
[2026-09-02T01:56:45Z]   重试 2 失败: HTTP Error 403: Forbidden
[2026-09-02T01:56:51Z]   重试 3 失败: HTTP Error 403: Forbidden
[2026-09-02T01:56:51Z] FAIL 子链接 https://php.946985.filegear-sg.me/jackTV.m3u -> HTTP Error 403: Forbidden
[2026-09-02T01:56:52Z] OK result.m3u (106329 字节)
[2026-09-02T01:56:52Z] OK all_merged.m3u (410156 字节)
[2026-09-02T01:56:53Z] OK bililive.m3u (25319 字节)
[2026-09-02T01:56:54Z] OK huyayqk.m3u (199135 字节)
[2026-09-02T01:56:54Z] OK yylunbo.m3u (721 字节)
[2026-09-02T01:57:14Z] OK playlist_all.txt (212776 字节)
[2026-09-02T01:57:18Z] OK az5.txt (66 字节)
[2026-09-02T01:57:20Z] OK nostr.html (544159 字节)
[2026-09-02T01:57:52Z]   重试 1 失败: <urlopen error timed out>
[2026-09-02T01:58:27Z]   重试 2 失败: <urlopen error timed out>
[2026-09-02T01:59:03Z]   重试 3 失败: <urlopen error timed out>
[2026-09-02T01:59:33Z] FAIL 子链接 https://www.985pan.com/down.php/bf5e9607ff407fcdd71f63928ea5bc79.txt -> <urlopen error timed out>
[2026-09-02T01:59:34Z] OK xly.txt (27 字节)
[2026-09-02T01:59:35Z] SKIP 重复内容 app_xpg_android.txt
[2026-09-02T01:59:35Z] REPO FGBLH/EHR663 发现 149 个核心文件
[2026-09-02T01:59:35Z] SKIP 重复内容 FGBLH__EHR663/4gtv.txt
[2026-09-02T01:59:35Z] OK FGBLH__EHR663/音源.json (785 字节)
[2026-09-02T01:59:35Z] SKIP 重复内容 FGBLH__EHR663/Nettv.txt
[2026-09-02T01:59:35Z] OK FGBLH__EHR663/README.md (3465 字节)
[2026-09-02T01:59:35Z] 已自动解密 https://raw.githubusercontent.com/FGBLH/EHR663/main/Web%E9%B1%BC%E5%A3%B3%E6%B5%B7%E8%B1%9A%E5%B8%B8%E8%A7%8423
[2026-09-02T01:59:35Z] SKIP 重复内容 FGBLH__EHR663/Web鱼壳海豚常规23.json
[2026-09-02T01:59:35Z] 已自动解密 https://raw.githubusercontent.com/FGBLH/EHR663/main/ok%E6%B5%B7%E8%B1%9A%E5%B8%B8%E8%A7%8422
[2026-09-02T01:59:35Z] OK FGBLH__EHR663/ok海豚常规22.json (61999 字节)
[2026-09-02T01:59:35Z] 解密配置中发现 140 个子链接，继续采集...
[2026-09-02T01:59:35Z] SKIP 已处理 http://4gtv.cnlive.club/4gtv.m3u
[2026-09-02T01:59:35Z] SKIP 已处理 http://82.156.243.185:33389/fwc.m3u
[2026-09-02T01:59:35Z] SKIP 已处理 http://ge.html-5.me//ii/%E9%BB%84%E8%9A%82%E8%9A%81%E5%85%88%E9%94%8B%E6%8E%A8%E6%B5%81%E6%BA%90.txt
[2026-09-02T01:59:35Z] SKIP 已处理 http://iptv.4666888.xyz/FYTV.txt
[2026-09-02T01:59:35Z] SKIP 已处理 http://tv123.vvvv.ee/tv.m3u
[2026-09-02T01:59:35Z] SKIP 已处理 http://www.52top.com.cn:678/downloads/migu.txt
[2026-09-02T01:59:35Z] SKIP 已处理 http://xtvantsc.xyz/4gtv.txt
[2026-09-02T01:59:35Z] SKIP 已处理 http://xtvantsc.xyz/%E6%96%B0%E5%8A%A0%E5%9D%A1.m3u
[2026-09-02T01:59:35Z] SKIP 已处理 https://cdn.qd.je/live.m3u
[2026-09-02T01:59:35Z] SKIP 已处理 https://cdn.waimaimingtang.com/file/images/bwc/20251023002031-6064033c16.js
[2026-09-02T01:59:35Z] SKIP 已处理 https://cdn.waimaimingtang.com/file/images/bwc/20251023002108-a4795930ec.js
[2026-09-02T01:59:35Z] SKIP 已处理 https://cdn.waimaimingtang.com/file/images/bwc/20251023002144-0e40887294.js
[2026-09-02T01:59:35Z] SKIP 已处理 https://cdn.waimaimingtang.com/file/images/bwc/20251023002200-507c3e8aae.js
[2026-09-02T01:59:35Z] SKIP 已处理 https://d.kstore.dev/download/9565/%E5%B0%8F%E6%96%B0TV.txt
[2026-09-02T01:59:35Z] SKIP 已处理 https://epg.pw/test_channels_taiwan.m3u
[2026-09-02T01:59:35Z] SKIP 已处理 https://file.icve.com.cn/file_doc/249/899/3E7E0C8A023B624CEC6BDCC200F06F02.js
[2026-09-02T01:59:35Z] SKIP 已处理 https://files.catbox.moe/h3mb5a.txt
[2026-09-02T01:59:35Z] SKIP 已处理 https://gh-proxy.org/https%3A//github.com/bang359/dsj/raw/main/dsjcs.txt
[2026-09-02T01:59:35Z] 剥离代理前缀 -> https://raw.githubusercontent.com/807080747/zv/refs/heads/main/sese.txt
[2026-09-02T01:59:35Z] SKIP 已处理 https://raw.githubusercontent.com/807080747/zv/refs/heads/main/sese.txt
[2026-09-02T01:59:35Z] 剥离代理前缀 -> https://raw.githubusercontent.com/Jsnzkpg/Jsnzkpg/Jsnzkpg/Jsnzkpg1.m3u
[2026-09-02T01:59:35Z] SKIP 已处理 https://raw.githubusercontent.com/Jsnzkpg/Jsnzkpg/Jsnzkpg/Jsnzkpg1.m3u
[2026-09-02T01:59:35Z] 剥离代理前缀 -> https://raw.githubusercontent.com/wujiangliu/live-sources/refs/heads/main/%E5%85%A8%E7%90%83%E7%9B%B4%E6%92%AD.m3u
[2026-09-02T01:59:35Z] SKIP 已处理 https://raw.githubusercontent.com/wujiangliu/live-sources/refs/heads/main/%E5%85%A8%E7%90%83%E7%9B%B4%E6%92%AD.m3u
[2026-09-02T01:59:35Z] 剥离代理前缀 -> https://raw.githubusercontent.com/wujiangliu/live-sources/refs/heads/main/bhmb.m3u
[2026-09-02T01:59:35Z] SKIP 已处理 https://raw.githubusercontent.com/wujiangliu/live-sources/refs/heads/main/bhmb.m3u
[2026-09-02T01:59:35Z] 剥离代理前缀 -> https://raw.githubusercontent.com/FGBLH/EHR663/refs/heads/main/4gtv.txt
[2026-09-02T01:59:35Z] SKIP 已处理 https://raw.githubusercontent.com/FGBLH/EHR663/refs/heads/main/4gtv.txt
[2026-09-02T01:59:35Z] 剥离代理前缀 -> https://raw.githubusercontent.com/FGBLH/EHR663/refs/heads/main/Nettv.txt
[2026-09-02T01:59:35Z] SKIP 已处理 https://raw.githubusercontent.com/FGBLH/EHR663/refs/heads/main/Nettv.txt
[2026-09-02T01:59:35Z] 剥离代理前缀 -> https://raw.githubusercontent.com/FGBLH/EHR663/refs/heads/main/py/275听书.py
[2026-09-02T01:59:35Z] SKIP 已处理 https://raw.githubusercontent.com/FGBLH/EHR663/refs/heads/main/py/275%E5%90%AC%E4%B9%A6.py
[2026-09-02T01:59:35Z] 剥离代理前缀 -> https://raw.githubusercontent.com/FGBLH/EHR663/refs/heads/main/py/456电影网.py
[2026-09-02T01:59:35Z] SKIP 已处理 https://raw.githubusercontent.com/FGBLH/EHR663/refs/heads/main/py/456%E7%94%B5%E5%BD%B1%E7%BD%91.py
[2026-09-02T01:59:35Z] 剥离代理前缀 -> https://raw.githubusercontent.com/FGBLH/EHR663/refs/heads/main/py/4K影视.py
[2026-09-02T01:59:35Z] SKIP 已处理 https://raw.githubusercontent.com/FGBLH/EHR663/refs/heads/main/py/4K%E5%BD%B1%E8%A7%86.py
[2026-09-02T01:59:35Z] 剥离代理前缀 -> https://raw.githubusercontent.com/FGBLH/EHR663/refs/heads/main/py/58影视.py
[2026-09-02T01:59:35Z] SKIP 已处理 https://raw.githubusercontent.com/FGBLH/EHR663/refs/heads/main/py/58%E5%BD%B1%E8%A7%86.py
[2026-09-02T01:59:35Z] 剥离代理前缀 -> https://raw.githubusercontent.com/FGBLH/EHR663/refs/heads/main/py/808影院.py
[2026-09-02T01:59:35Z] SKIP 已处理 https://raw.githubusercontent.com/FGBLH/EHR663/refs/heads/main/py/808%E5%BD%B1%E9%99%A2.py
[2026-09-02T01:59:35Z] 剥离代理前缀 -> https://raw.githubusercontent.com/FGBLH/EHR663/refs/heads/main/py/DJ呦呦.py
[2026-09-02T01:59:35Z] SKIP 已处理 https://raw.githubusercontent.com/FGBLH/EHR663/refs/heads/main/py/DJ%E5%91%A6%E5%91%A6.py
[2026-09-02T01:59:35Z] 剥离代理前缀 -> https://raw.githubusercontent.com/FGBLH/EHR663/refs/heads/main/py/FreeOK.py
[2026-09-02T01:59:35Z] SKIP 已处理 https://raw.githubusercontent.com/FGBLH/EHR663/refs/heads/main/py/FreeOK.py
[2026-09-02T01:59:35Z] 剥离代理前缀 -> https://raw.githubusercontent.com/FGBLH/EHR663/refs/heads/main/py/MiFun动漫.py
[2026-09-02T01:59:35Z] SKIP 已处理 https://raw.githubusercontent.com/FGBLH/EHR663/refs/heads/main/py/MiFun%E5%8A%A8%E6%BC%AB.py
[2026-09-02T01:59:35Z] 剥离代理前缀 -> https://raw.githubusercontent.com/FGBLH/EHR663/refs/heads/main/py/七味.py
[2026-09-02T01:59:35Z] SKIP 已处理 https://raw.githubusercontent.com/FGBLH/EHR663/refs/heads/main/py/%E4%B8%83%E5%91%B3.py
[2026-09-02T01:59:35Z] 剥离代理前缀 -> https://raw.githubusercontent.com/FGBLH/EHR663/refs/heads/main/py/七猫影视.py
[2026-09-02T01:59:35Z] SKIP 已处理 https://raw.githubusercontent.com/FGBLH/EHR663/refs/heads/main/py/%E4%B8%83%E7%8C%AB%E5%BD%B1%E8%A7%86.py
[2026-09-02T01:59:35Z] 剥离代理前缀 -> https://raw.githubusercontent.com/FGBLH/EHR663/refs/heads/main/py/优酷视频.py
[2026-09-02T01:59:35Z] SKIP 已处理 https://raw.githubusercontent.com/FGBLH/EHR663/refs/heads/main/py/%E4%BC%98%E9%85%B7%E8%A7%86%E9%A2%91.py
[2026-09-02T01:59:35Z] 剥离代理前缀 -> https://raw.githubusercontent.com/FGBLH/EHR663/refs/heads/main/py/低端影视.py
[2026-09-02T01:59:35Z] SKIP 已处理 https://raw.githubusercontent.com/FGBLH/EHR663/refs/heads/main/py/%E4%BD%8E%E7%AB%AF%E5%BD%B1%E8%A7%86.py
[2026-09-02T01:59:35Z] 剥离代理前缀 -> https://raw.githubusercontent.com/FGBLH/EHR663/refs/heads/main/py/兄弟影视.py
[2026-09-02T01:59:35Z] SKIP 已处理 https://raw.githubusercontent.com/FGBLH/EHR663/refs/heads/main/py/%E5%85%84%E5%BC%9F%E5%BD%B1%E8%A7%86.py
[2026-09-02T01:59:35Z] 剥离代理前缀 -> https://raw.githubusercontent.com/FGBLH/EHR663/refs/heads/main/py/八天电影.py
[2026-09-02T01:59:35Z] SKIP 已处理 https://raw.githubusercontent.com/FGBLH/EHR663/refs/heads/main/py/%E5%85%AB%E5%A4%A9%E7%94%B5%E5%BD%B1.py
[2026-09-02T01:59:35Z] 剥离代理前缀 -> https://raw.githubusercontent.com/FGBLH/EHR663/refs/heads/main/py/共青春影院.py
[2026-09-02T01:59:35Z] SKIP 已处理 https://raw.githubusercontent.com/FGBLH/EHR663/refs/heads/main/py/%E5%85%B1%E9%9D%92%E6%98%A5%E5%BD%B1%E9%99%A2.py
[2026-09-02T01:59:35Z] 剥离代理前缀 -> https://raw.githubusercontent.com/FGBLH/EHR663/refs/heads/main/py/农民影视.py
[2026-09-02T01:59:35Z] SKIP 已处理 https://raw.githubusercontent.com/FGBLH/EHR663/refs/heads/main/py/%E5%86%9C%E6%B0%91%E5%BD%B1%E8%A7%86.py
[2026-09-02T01:59:35Z] 剥离代理前缀 -> https://raw.githubusercontent.com/FGBLH/EHR663/refs/heads/main/py/初见影视.py
[2026-09-02T01:59:35Z] SKIP 已处理 https://raw.githubusercontent.com/FGBLH/EHR663/refs/heads/main/py/%E5%88%9D%E8%A7%81%E5%BD%B1%E8%A7%86.py
[2026-09-02T01:59:35Z] 剥离代理前缀 -> https://raw.githubusercontent.com/FGBLH/EHR663/refs/heads/main/py/剧OK.py
[2026-09-02T01:59:35Z] SKIP 已处理 https://raw.githubusercontent.com/FGBLH/EHR663/refs/heads/main/py/%E5%89%A7OK.py
[2026-09-02T01:59:35Z] 剥离代理前缀 -> https://raw.githubusercontent.com/FGBLH/EHR663/refs/heads/main/py/动漫啦.py
[2026-09-02T01:59:35Z] SKIP 已处理 https://raw.githubusercontent.com/FGBLH/EHR663/refs/heads/main/py/%E5%8A%A8%E6%BC%AB%E5%95%A6.py
[2026-09-02T01:59:35Z] 剥离代理前缀 -> https://raw.githubusercontent.com/FGBLH/EHR663/refs/heads/main/py/动漫巴士.py
[2026-09-02T01:59:35Z] SKIP 已处理 https://raw.githubusercontent.com/FGBLH/EHR663/refs/heads/main/py/%E5%8A%A8%E6%BC%AB%E5%B7%B4%E5%A3%AB.py
[2026-09-02T01:59:35Z] 剥离代理前缀 -> https://raw.githubusercontent.com/FGBLH/EHR663/refs/heads/main/py/努努影院.py
[2026-09-02T01:59:35Z] SKIP 已处理 https://raw.githubusercontent.com/FGBLH/EHR663/refs/heads/main/py/%E5%8A%AA%E5%8A%AA%E5%BD%B1%E9%99%A2.py
[2026-09-02T01:59:35Z] 剥离代理前缀 -> https://raw.githubusercontent.com/FGBLH/EHR663/refs/heads/main/py/千千影视.py
[2026-09-02T01:59:36Z] OK FGBLH__EHR663/千千影视.py (9402 字节)
[2026-09-02T01:59:36Z] 剥离代理前缀 -> https://raw.githubusercontent.com/FGBLH/EHR663/refs/heads/main/py/华数TV.py
[2026-09-02T01:59:36Z] SKIP 已处理 https://raw.githubusercontent.com/FGBLH/EHR663/refs/heads/main/py/%E5%8D%8E%E6%95%B0TV.py
[2026-09-02T01:59:36Z] 剥离代理前缀 -> https://raw.githubusercontent.com/FGBLH/EHR663/refs/heads/main/py/厂长影视.py
[2026-09-02T01:59:36Z] SKIP 已处理 https://raw.githubusercontent.com/FGBLH/EHR663/refs/heads/main/py/%E5%8E%82%E9%95%BF%E5%BD%B1%E8%A7%86.py
[2026-09-02T01:59:36Z] 剥离代理前缀 -> https://raw.githubusercontent.com/FGBLH/EHR663/refs/heads/main/py/可可影视.py
[2026-09-02T01:59:36Z] SKIP 已处理 https://raw.githubusercontent.com/FGBLH/EHR663/refs/heads/main/py/%E5%8F%AF%E5%8F%AF%E5%BD%B1%E8%A7%86.py
[2026-09-02T01:59:36Z] 剥离代理前缀 -> https://raw.githubusercontent.com/FGBLH/EHR663/refs/heads/main/py/咖啡直播.py
[2026-09-02T01:59:36Z] SKIP 已处理 https://raw.githubusercontent.com/FGBLH/EHR663/refs/heads/main/py/%E5%92%96%E5%95%A1%E7%9B%B4%E6%92%AD.py
[2026-09-02T01:59:36Z] 剥离代理前缀 -> https://raw.githubusercontent.com/FGBLH/EHR663/refs/heads/main/py/哇哇APP.py
[2026-09-02T01:59:36Z] SKIP 已处理 https://raw.githubusercontent.com/FGBLH/EHR663/refs/heads/main/py/%E5%93%87%E5%93%87APP.py
[2026-09-02T01:59:36Z] 剥离代理前缀 -> https://raw.githubusercontent.com/FGBLH/EHR663/refs/heads/main/py/哔哩直播.py
[2026-09-02T01:59:36Z] SKIP 已处理 https://raw.githubusercontent.com/FGBLH/EHR663/refs/heads/main/py/%E5%93%94%E5%93%A9%E7%9B%B4%E6%92%AD.py
[2026-09-02T01:59:36Z] 剥离代理前缀 -> https://raw.githubusercontent.com/FGBLH/EHR663/refs/heads/main/py/喜福短剧.py
[2026-09-02T01:59:36Z] SKIP 已处理 https://raw.githubusercontent.com/FGBLH/EHR663/refs/heads/main/py/%E5%96%9C%E7%A6%8F%E7%9F%AD%E5%89%A7.py
[2026-09-02T01:59:36Z] 剥离代理前缀 -> https://raw.githubusercontent.com/FGBLH/EHR663/refs/heads/main/py/嘀嗒影视.py
[2026-09-02T01:59:36Z] SKIP 已处理 https://raw.githubusercontent.com/FGBLH/EHR663/refs/heads/main/py/%E5%98%80%E5%97%92%E5%BD%B1%E8%A7%86.py
[2026-09-02T01:59:36Z] 剥离代理前缀 -> https://raw.githubusercontent.com/FGBLH/EHR663/refs/heads/main/py/多瑙影院.py
[2026-09-02T01:59:36Z] SKIP 已处理 https://raw.githubusercontent.com/FGBLH/EHR663/refs/heads/main/py/%E5%A4%9A%E7%91%99%E5%BD%B1%E9%99%A2.py
[2026-09-02T01:59:36Z] 剥离代理前缀 -> https://raw.githubusercontent.com/FGBLH/EHR663/refs/heads/main/py/太乙影视.py
[2026-09-02T01:59:36Z] SKIP 已处理 https://raw.githubusercontent.com/FGBLH/EHR663/refs/heads/main/py/%E5%A4%AA%E4%B9%99%E5%BD%B1%E8%A7%86.py
[2026-09-02T01:59:36Z] 剥离代理前缀 -> https://raw.githubusercontent.com/FGBLH/EHR663/refs/heads/main/py/奇优影院.py
[2026-09-02T01:59:36Z] SKIP 已处理 https://raw.githubusercontent.com/FGBLH/EHR663/refs/heads/main/py/%E5%A5%87%E4%BC%98%E5%BD%B1%E9%99%A2.py
[2026-09-02T01:59:36Z] 剥离代理前缀 -> https://raw.githubusercontent.com/FGBLH/EHR663/refs/heads/main/py/奇点影视.py
[2026-09-02T01:59:36Z] SKIP 已处理 https://raw.githubusercontent.com/FGBLH/EHR663/refs/heads/main/py/%E5%A5%87%E7%82%B9%E5%BD%B1%E8%A7%86.py
[2026-09-02T01:59:36Z] 剥离代理前缀 -> https://raw.githubusercontent.com/FGBLH/EHR663/refs/heads/main/py/奈非工厂.py
[2026-09-02T01:59:36Z] SKIP 已处理 https://raw.githubusercontent.com/FGBLH/EHR663/refs/heads/main/py/%E5%A5%88%E9%9D%9E%E5%B7%A5%E5%8E%82.py
[2026-09-02T01:59:36Z] 剥离代理前缀 -> https://raw.githubusercontent.com/FGBLH/EHR663/refs/heads/main/py/好剧屋.py
[2026-09-02T01:59:36Z] SKIP 已处理 https://raw.githubusercontent.com/FGBLH/EHR663/refs/heads/main/py/%E5%A5%BD%E5%89%A7%E5%B1%8B.py
[2026-09-02T01:59:36Z] 剥离代理前缀 -> https://raw.githubusercontent.com/FGBLH/EHR663/refs/heads/main/py/威视TV.py
[2026-09-02T01:59:36Z] SKIP 已处理 https://raw.githubusercontent.com/FGBLH/EHR663/refs/heads/main/py/%E5%A8%81%E8%A7%86TV.py
[2026-09-02T01:59:36Z] 剥离代理前缀 -> https://raw.githubusercontent.com/FGBLH/EHR663/refs/heads/main/py/悟圣短剧.py
[2026-09-02T01:59:36Z] SKIP 已处理 https://raw.githubusercontent.com/FGBLH/EHR663/refs/heads/main/py/%E6%82%9F%E5%9C%A3%E7%9F%AD%E5%89%A7.py
[2026-09-02T01:59:36Z] 剥离代理前缀 -> https://raw.githubusercontent.com/FGBLH/EHR663/refs/heads/main/py/悟空影视.py
[2026-09-02T01:59:36Z] SKIP 已处理 https://raw.githubusercontent.com/FGBLH/EHR663/refs/heads/main/py/%E6%82%9F%E7%A9%BA%E5%BD%B1%E8%A7%86.py
[2026-09-02T01:59:36Z] 剥离代理前缀 -> https://raw.githubusercontent.com/FGBLH/EHR663/refs/heads/main/py/悦听吧.py
[2026-09-02T01:59:36Z] SKIP 已处理 https://raw.githubusercontent.com/FGBLH/EHR663/refs/heads/main/py/%E6%82%A6%E5%90%AC%E5%90%A7.py
[2026-09-02T01:59:36Z] 剥离代理前缀 -> https://raw.githubusercontent.com/FGBLH/EHR663/refs/heads/main/py/星河影视.py
[2026-09-02T01:59:36Z] SKIP 已处理 https://raw.githubusercontent.com/FGBLH/EHR663/refs/heads/main/py/%E6%98%9F%E6%B2%B3%E5%BD%B1%E8%A7%86.py
[2026-09-02T01:59:36Z] 剥离代理前缀 -> https://raw.githubusercontent.com/FGBLH/EHR663/refs/heads/main/py/星芽短剧.py
[2026-09-02T01:59:36Z] SKIP 已处理 https://raw.githubusercontent.com/FGBLH/EHR663/refs/heads/main/py/%E6%98%9F%E8%8A%BD%E7%9F%AD%E5%89%A7.py
[2026-09-02T01:59:36Z] 剥离代理前缀 -> https://raw.githubusercontent.com/FGBLH/EHR663/refs/heads/main/py/星辰影院.py
[2026-09-02T01:59:36Z] SKIP 已处理 https://raw.githubusercontent.com/FGBLH/EHR663/refs/heads/main/py/%E6%98%9F%E8%BE%B0%E5%BD%B1%E9%99%A2.py
[2026-09-02T01:59:36Z] 剥离代理前缀 -> https://raw.githubusercontent.com/FGBLH/EHR663/refs/heads/main/py/映像星球.py
[2026-09-02T01:59:36Z] SKIP 已处理 https://raw.githubusercontent.com/FGBLH/EHR663/refs/heads/main/py/%E6%98%A0%E5%83%8F%E6%98%9F%E7%90%83.py
[2026-09-02T01:59:36Z] 剥离代理前缀 -> https://raw.githubusercontent.com/FGBLH/EHR663/refs/heads/main/py/枝枝影视.py
[2026-09-02T01:59:36Z] SKIP 已处理 https://raw.githubusercontent.com/FGBLH/EHR663/refs/heads/main/py/%E6%9E%9D%E6%9E%9D%E5%BD%B1%E8%A7%86.py
[2026-09-02T01:59:36Z] 剥离代理前缀 -> https://raw.githubusercontent.com/FGBLH/EHR663/refs/heads/main/py/枫叶4K.py
[2026-09-02T01:59:36Z] SKIP 已处理 https://raw.githubusercontent.com/FGBLH/EHR663/refs/heads/main/py/%E6%9E%AB%E5%8F%B64K.py
[2026-09-02T01:59:36Z] 剥离代理前缀 -> https://raw.githubusercontent.com/FGBLH/EHR663/refs/heads/main/py/枫叶音乐.py
[2026-09-02T01:59:36Z] SKIP 已处理 https://raw.githubusercontent.com/FGBLH/EHR663/refs/heads/main/py/%E6%9E%AB%E5%8F%B6%E9%9F%B3%E4%B9%90.py
[2026-09-02T01:59:36Z] 剥离代理前缀 -> https://raw.githubusercontent.com/FGBLH/EHR663/refs/heads/main/py/柯南影视.py
[2026-09-02T01:59:36Z] SKIP 已处理 https://raw.githubusercontent.com/FGBLH/EHR663/refs/heads/main/py/%E6%9F%AF%E5%8D%97%E5%BD%B1%E8%A7%86.py
[2026-09-02T01:59:36Z] 剥离代理前缀 -> https://raw.githubusercontent.com/FGBLH/EHR663/refs/heads/main/py/毒舌影视.py
[2026-09-02T01:59:36Z] SKIP 已处理 https://raw.githubusercontent.com/FGBLH/EHR663/refs/heads/main/py/%E6%AF%92%E8%88%8C%E5%BD%B1%E8%A7%86.py
[2026-09-02T01:59:36Z] 剥离代理前缀 -> https://raw.githubusercontent.com/FGBLH/EHR663/refs/heads/main/py/永乐视频.py
[2026-09-02T01:59:36Z] SKIP 已处理 https://raw.githubusercontent.com/FGBLH/EHR663/refs/heads/main/py/%E6%B0%B8%E4%B9%90%E8%A7%86%E9%A2%91.py
[2026-09-02T01:59:36Z] 剥离代理前缀 -> https://raw.githubusercontent.com/FGBLH/EHR663/refs/heads/main/py/河马剧场.py
[2026-09-02T01:59:36Z] SKIP 已处理 https://raw.githubusercontent.com/FGBLH/EHR663/refs/heads/main/py/%E6%B2%B3%E9%A9%AC%E5%89%A7%E5%9C%BA.py
[2026-09-02T01:59:36Z] 剥离代理前缀 -> https://raw.githubusercontent.com/FGBLH/EHR663/refs/heads/main/py/油管.py
[2026-09-02T01:59:36Z] SKIP 已处理 https://raw.githubusercontent.com/FGBLH/EHR663/refs/heads/main/py/%E6%B2%B9%E7%AE%A1.py
[2026-09-02T01:59:36Z] 剥离代理前缀 -> https://raw.githubusercontent.com/FGBLH/EHR663/refs/heads/main/py/油管直播.py
[2026-09-02T01:59:36Z] SKIP 已处理 https://raw.githubusercontent.com/FGBLH/EHR663/refs/heads/main/py/%E6%B2%B9%E7%AE%A1%E7%9B%B4%E6%92%AD.py
[2026-09-02T01:59:36Z] 剥离代理前缀 -> https://raw.githubusercontent.com/FGBLH/EHR663/refs/heads/main/py/泥视频.py
[2026-09-02T01:59:36Z] SKIP 已处理 https://raw.githubusercontent.com/FGBLH/EHR663/refs/heads/main/py/%E6%B3%A5%E8%A7%86%E9%A2%91.py
[2026-09-02T01:59:36Z] 剥离代理前缀 -> https://raw.githubusercontent.com/FGBLH/EHR663/refs/heads/main/py/热播APP.py
[2026-09-02T01:59:36Z] SKIP 已处理 https://raw.githubusercontent.com/FGBLH/EHR663/refs/heads/main/py/%E7%83%AD%E6%92%ADAPP.py
[2026-09-02T01:59:36Z] 剥离代理前缀 -> https://raw.githubusercontent.com/FGBLH/EHR663/refs/heads/main/py/熊猫直播.py
[2026-09-02T01:59:36Z] SKIP 已处理 https://raw.githubusercontent.com/FGBLH/EHR663/refs/heads/main/py/%E7%86%8A%E7%8C%AB%E7%9B%B4%E6%92%AD.py
[2026-09-02T01:59:36Z] 剥离代理前缀 -> https://raw.githubusercontent.com/FGBLH/EHR663/refs/heads/main/py/爱壹帆.py
[2026-09-02T01:59:36Z] SKIP 已处理 https://raw.githubusercontent.com/FGBLH/EHR663/refs/heads/main/py/%E7%88%B1%E5%A3%B9%E5%B8%86.py
[2026-09-02T01:59:36Z] 剥离代理前缀 -> https://raw.githubusercontent.com/FGBLH/EHR663/refs/heads/main/py/爱看机器人.py
[2026-09-02T01:59:36Z] SKIP 已处理 https://raw.githubusercontent.com/FGBLH/EHR663/refs/heads/main/py/%E7%88%B1%E7%9C%8B%E6%9C%BA%E5%99%A8%E4%BA%BA.py
[2026-09-02T01:59:36Z] 剥离代理前缀 -> https://raw.githubusercontent.com/FGBLH/EHR663/refs/heads/main/py/瓜子APP.py
[2026-09-02T01:59:36Z] SKIP 已处理 https://raw.githubusercontent.com/FGBLH/EHR663/refs/heads/main/py/%E7%93%9C%E5%AD%90APP.py
[2026-09-02T01:59:36Z] 剥离代理前缀 -> https://raw.githubusercontent.com/FGBLH/EHR663/refs/heads/main/py/皮皮虾.py
[2026-09-02T01:59:36Z] SKIP 已处理 https://raw.githubusercontent.com/FGBLH/EHR663/refs/heads/main/py/%E7%9A%AE%E7%9A%AE%E8%99%BE.py
[2026-09-02T01:59:36Z] 剥离代理前缀 -> https://raw.githubusercontent.com/FGBLH/EHR663/refs/heads/main/py/真狼影视.py
[2026-09-02T01:59:36Z] SKIP 已处理 https://raw.githubusercontent.com/FGBLH/EHR663/refs/heads/main/py/%E7%9C%9F%E7%8B%BC%E5%BD%B1%E8%A7%86.py
[2026-09-02T01:59:36Z] 剥离代理前缀 -> https://raw.githubusercontent.com/FGBLH/EHR663/refs/heads/main/py/短剧巴士.py
[2026-09-02T01:59:36Z] SKIP 已处理 https://raw.githubusercontent.com/FGBLH/EHR663/refs/heads/main/py/%E7%9F%AD%E5%89%A7%E5%B7%B4%E5%A3%AB.py
[2026-09-02T01:59:36Z] 剥离代理前缀 -> https://raw.githubusercontent.com/FGBLH/EHR663/refs/heads/main/py/短剧聚合.py
[2026-09-02T01:59:36Z] SKIP 已处理 https://raw.githubusercontent.com/FGBLH/EHR663/refs/heads/main/py/%E7%9F%AD%E5%89%A7%E8%81%9A%E5%90%88.py
[2026-09-02T01:59:36Z] 剥离代理前缀 -> https://raw.githubusercontent.com/FGBLH/EHR663/refs/heads/main/py/神马影视.py
[2026-09-02T01:59:36Z] SKIP 已处理 https://raw.githubusercontent.com/FGBLH/EHR663/refs/heads/main/py/%E7%A5%9E%E9%A9%AC%E5%BD%B1%E8%A7%86.py
[2026-09-02T01:59:36Z] 剥离代理前缀 -> https://raw.githubusercontent.com/FGBLH/EHR663/refs/heads/main/py/糯米短剧.py
[2026-09-02T01:59:36Z] SKIP 已处理 https://raw.githubusercontent.com/FGBLH/EHR663/refs/heads/main/py/%E7%B3%AF%E7%B1%B3%E7%9F%AD%E5%89%A7.py
[2026-09-02T01:59:36Z] 剥离代理前缀 -> https://raw.githubusercontent.com/FGBLH/EHR663/refs/heads/main/py/网飞TV.py
[2026-09-02T01:59:36Z] SKIP 已处理 https://raw.githubusercontent.com/FGBLH/EHR663/refs/heads/main/py/%E7%BD%91%E9%A3%9ETV.py
[2026-09-02T01:59:36Z] 剥离代理前缀 -> https://raw.githubusercontent.com/FGBLH/EHR663/refs/heads/main/py/美剧天堂.py
[2026-09-02T01:59:36Z] SKIP 已处理 https://raw.githubusercontent.com/FGBLH/EHR663/refs/heads/main/py/%E7%BE%8E%E5%89%A7%E5%A4%A9%E5%A0%82.py
[2026-09-02T01:59:36Z] 剥离代理前缀 -> https://raw.githubusercontent.com/FGBLH/EHR663/refs/heads/main/py/聚合直播.py
[2026-09-02T01:59:36Z] SKIP 已处理 https://raw.githubusercontent.com/FGBLH/EHR663/refs/heads/main/py/%E8%81%9A%E5%90%88%E7%9B%B4%E6%92%AD.py
[2026-09-02T01:59:36Z] 剥离代理前缀 -> https://raw.githubusercontent.com/FGBLH/EHR663/refs/heads/main/py/腾讯视频.py
[2026-09-02T01:59:36Z] SKIP 已处理 https://raw.githubusercontent.com/FGBLH/EHR663/refs/heads/main/py/%E8%85%BE%E8%AE%AF%E8%A7%86%E9%A2%91.py
[2026-09-02T01:59:36Z] 剥离代理前缀 -> https://raw.githubusercontent.com/FGBLH/EHR663/refs/heads/main/py/芒果TV.py
[2026-09-02T01:59:36Z] SKIP 已处理 https://raw.githubusercontent.com/FGBLH/EHR663/refs/heads/main/py/%E8%8A%92%E6%9E%9CTV.py
[2026-09-02T01:59:36Z] 剥离代理前缀 -> https://raw.githubusercontent.com/FGBLH/EHR663/refs/heads/main/py/茶杯狐.py
[2026-09-02T01:59:36Z] SKIP 已处理 https://raw.githubusercontent.com/FGBLH/EHR663/refs/heads/main/py/%E8%8C%B6%E6%9D%AF%E7%8B%90.py
[2026-09-02T01:59:36Z] 剥离代理前缀 -> https://raw.githubusercontent.com/FGBLH/EHR663/refs/heads/main/py/蛋挞TV.py
[2026-09-02T01:59:36Z] SKIP 已处理 https://raw.githubusercontent.com/FGBLH/EHR663/refs/heads/main/py/%E8%9B%8B%E6%8C%9ETV.py
[2026-09-02T01:59:36Z] 剥离代理前缀 -> https://raw.githubusercontent.com/FGBLH/EHR663/refs/heads/main/py/蝶卡影视.py
[2026-09-02T01:59:36Z] SKIP 已处理 https://raw.githubusercontent.com/FGBLH/EHR663/refs/heads/main/py/%E8%9D%B6%E5%8D%A1%E5%BD%B1%E8%A7%86.py
[2026-09-02T01:59:36Z] 剥离代理前缀 -> https://raw.githubusercontent.com/FGBLH/EHR663/refs/heads/main/py/袋鼠影视.py
[2026-09-02T01:59:36Z] SKIP 已处理 https://raw.githubusercontent.com/FGBLH/EHR663/refs/heads/main/py/%E8%A2%8B%E9%BC%A0%E5%BD%B1%E8%A7%86.py
[2026-09-02T01:59:36Z] 剥离代理前缀 -> https://raw.githubusercontent.com/FGBLH/EHR663/refs/heads/main/py/观风影视.py
[2026-09-02T01:59:36Z] SKIP 已处理 https://raw.githubusercontent.com/FGBLH/EHR663/refs/heads/main/py/%E8%A7%82%E9%A3%8E%E5%BD%B1%E8%A7%86.py
[2026-09-02T01:59:36Z] 剥离代理前缀 -> https://raw.githubusercontent.com/FGBLH/EHR663/refs/heads/main/py/视觉影院.py
[2026-09-02T01:59:36Z] SKIP 已处理 https://raw.githubusercontent.com/FGBLH/EHR663/refs/heads/main/py/%E8%A7%86%E8%A7%89%E5%BD%B1%E9%99%A2.py
[2026-09-02T01:59:36Z] 剥离代理前缀 -> https://raw.githubusercontent.com/FGBLH/EHR663/refs/heads/main/py/豆花影视.py
[2026-09-02T01:59:36Z] SKIP 已处理 https://raw.githubusercontent.com/FGBLH/EHR663/refs/heads/main/py/%E8%B1%86%E8%8A%B1%E5%BD%B1%E8%A7%86.py
[2026-09-02T01:59:36Z] 剥离代理前缀 -> https://raw.githubusercontent.com/FGBLH/EHR663/refs/heads/main/py/追光影视.py
[2026-09-02T01:59:36Z] SKIP 已处理 https://raw.githubusercontent.com/FGBLH/EHR663/refs/heads/main/py/%E8%BF%BD%E5%85%89%E5%BD%B1%E8%A7%86.py
[2026-09-02T01:59:36Z] 剥离代理前缀 -> https://raw.githubusercontent.com/FGBLH/EHR663/refs/heads/main/py/追影.py
[2026-09-02T01:59:36Z] SKIP 已处理 https://raw.githubusercontent.com/FGBLH/EHR663/refs/heads/main/py/%E8%BF%BD%E5%BD%B1.py
[2026-09-02T01:59:36Z] 剥离代理前缀 -> https://raw.githubusercontent.com/FGBLH/EHR663/refs/heads/main/py/酷我音乐.py
[2026-09-02T01:59:36Z] SKIP 已处理 https://raw.githubusercontent.com/FGBLH/EHR663/refs/heads/main/py/%E9%85%B7%E6%88%91%E9%9F%B3%E4%B9%90.py
[2026-09-02T01:59:36Z] 剥离代理前缀 -> https://raw.githubusercontent.com/FGBLH/EHR663/refs/heads/main/py/采集聚合.py
[2026-09-02T01:59:36Z] SKIP 已处理 https://raw.githubusercontent.com/FGBLH/EHR663/refs/heads/main/py/%E9%87%87%E9%9B%86%E8%81%9A%E5%90%88.py
[2026-09-02T01:59:36Z] 剥离代理前缀 -> https://raw.githubusercontent.com/FGBLH/EHR663/refs/heads/main/py/金牌APP.py
[2026-09-02T01:59:36Z] SKIP 已处理 https://raw.githubusercontent.com/FGBLH/EHR663/refs/heads/main/py/%E9%87%91%E7%89%8CAPP.py
[2026-09-02T01:59:36Z] 剥离代理前缀 -> https://raw.githubusercontent.com/FGBLH/EHR663/refs/heads/main/py/韩小圈.py
[2026-09-02T01:59:36Z] SKIP 已处理 https://raw.githubusercontent.com/FGBLH/EHR663/refs/heads/main/py/%E9%9F%A9%E5%B0%8F%E5%9C%88.py
[2026-09-02T01:59:36Z] 剥离代理前缀 -> https://raw.githubusercontent.com/FGBLH/EHR663/refs/heads/main/py/骚火影视.py
[2026-09-02T01:59:36Z] SKIP 已处理 https://raw.githubusercontent.com/FGBLH/EHR663/refs/heads/main/py/%E9%AA%9A%E7%81%AB%E5%BD%B1%E8%A7%86.py
[2026-09-02T01:59:36Z] 剥离代理前缀 -> https://raw.githubusercontent.com/FGBLH/EHR663/refs/heads/main/py/麒麟影视.py
[2026-09-02T01:59:36Z] SKIP 已处理 https://raw.githubusercontent.com/FGBLH/EHR663/refs/heads/main/py/%E9%BA%92%E9%BA%9F%E5%BD%B1%E8%A7%86.py
[2026-09-02T01:59:36Z] 剥离代理前缀 -> https://raw.githubusercontent.com/FGBLH/EHR663/refs/heads/main/py/麦田影院.py
[2026-09-02T01:59:36Z] SKIP 已处理 https://raw.githubusercontent.com/FGBLH/EHR663/refs/heads/main/py/%E9%BA%A6%E7%94%B0%E5%BD%B1%E9%99%A2.py
[2026-09-02T01:59:36Z] 剥离代理前缀 -> https://raw.githubusercontent.com/FGBLH/EHR663/refs/heads/main/py/麻花影视.py
[2026-09-02T01:59:36Z] SKIP 已处理 https://raw.githubusercontent.com/FGBLH/EHR663/refs/heads/main/py/%E9%BA%BB%E8%8A%B1%E5%BD%B1%E8%A7%86.py
[2026-09-02T01:59:36Z] 剥离代理前缀 -> https://raw.githubusercontent.com/IY-CPU/IY/main/lib/drpy2.min.js
[2026-09-02T01:59:36Z] SKIP 已处理 https://raw.githubusercontent.com/IY-CPU/IY/main/lib/drpy2.min.js
[2026-09-02T01:59:36Z] 剥离代理前缀 -> https://raw.githubusercontent.com/develop202/migu_video/refs/heads/main/interface.txt
[2026-09-02T01:59:36Z] SKIP 已处理 https://raw.githubusercontent.com/develop202/migu_video/refs/heads/main/interface.txt
[2026-09-02T01:59:36Z] 剥离代理前缀 -> https://raw.githubusercontent.com/goodcommunication/mydm/main/yins.json
[2026-09-02T01:59:36Z] OK FGBLH__EHR663/yins.json (1185 字节)
[2026-09-02T01:59:36Z] 剥离代理前缀 -> https://raw.githubusercontent.com/phu889/kjh998/refs/heads/main/jar_js/Music1.json
[2026-09-02T01:59:36Z] SKIP 已处理 https://raw.githubusercontent.com/phu889/kjh998/refs/heads/main/jar_js/Music1.json
[2026-09-02T01:59:36Z] 剥离代理前缀 -> https://raw.githubusercontent.com/phu889/kjh998/refs/heads/main/jar_js/央视直播.js
[2026-09-02T01:59:36Z] OK FGBLH__EHR663/央视直播.js (2841 字节)
[2026-09-02T01:59:36Z] 剥离代理前缀 -> https://raw.githubusercontent.com/phu889/kjh998/refs/heads/main/jar_js/开心影院.js
[2026-09-02T01:59:36Z] SKIP 已处理 https://raw.githubusercontent.com/phu889/kjh998/refs/heads/main/jar_js/%E5%BC%80%E5%BF%83%E5%BD%B1%E9%99%A2.js
[2026-09-02T01:59:36Z] 剥离代理前缀 -> https://raw.githubusercontent.com/phu889/kjh998/refs/heads/main/jar_js/拾光影视.js
[2026-09-02T01:59:36Z] SKIP 已处理 https://raw.githubusercontent.com/phu889/kjh998/refs/heads/main/jar_js/%E6%8B%BE%E5%85%89%E5%BD%B1%E8%A7%86.js
[2026-09-02T01:59:36Z] 剥离代理前缀 -> https://raw.githubusercontent.com/phu889/kjh998/refs/heads/main/jar_js/枫叶影院.js
[2026-09-02T01:59:36Z] SKIP 已处理 https://raw.githubusercontent.com/phu889/kjh998/refs/heads/main/jar_js/%E6%9E%AB%E5%8F%B6%E5%BD%B1%E9%99%A2.js
[2026-09-02T01:59:36Z] 剥离代理前缀 -> https://raw.githubusercontent.com/phu889/kjh998/refs/heads/main/jar_js/片库.js
[2026-09-02T01:59:36Z] SKIP 已处理 https://raw.githubusercontent.com/phu889/kjh998/refs/heads/main/jar_js/%E7%89%87%E5%BA%93.js
[2026-09-02T01:59:36Z] 剥离代理前缀 -> https://raw.githubusercontent.com/phu889/kjh998/refs/heads/main/jar_js/百度短剧.js
[2026-09-02T01:59:36Z] SKIP 已处理 https://raw.githubusercontent.com/phu889/kjh998/refs/heads/main/jar_js/%E7%99%BE%E5%BA%A6%E7%9F%AD%E5%89%A7.js
[2026-09-02T01:59:36Z] 剥离代理前缀 -> https://raw.githubusercontent.com/phu889/kjh998/refs/heads/main/jar_js/腾爱优b站.js
[2026-09-02T01:59:36Z] SKIP 已处理 https://raw.githubusercontent.com/phu889/kjh998/refs/heads/main/jar_js/%E8%85%BE%E7%88%B1%E4%BC%98b%E7%AB%99.js
[2026-09-02T01:59:36Z] 剥离代理前缀 -> https://raw.githubusercontent.com/phu889/kjh998/refs/heads/main/jar_js/西瓜影视.js
[2026-09-02T01:59:36Z] SKIP 已处理 https://raw.githubusercontent.com/phu889/kjh998/refs/heads/main/jar_js/%E8%A5%BF%E7%93%9C%E5%BD%B1%E8%A7%86.js
[2026-09-02T01:59:36Z] 剥离代理前缀 -> https://raw.githubusercontent.com/phu889/kjh998/refs/heads/main/py/云途影视.py
[2026-09-02T01:59:36Z] SKIP 已处理 https://raw.githubusercontent.com/phu889/kjh998/refs/heads/main/py/%E4%BA%91%E9%80%94%E5%BD%B1%E8%A7%86.py
[2026-09-02T01:59:36Z] 剥离代理前缀 -> https://raw.githubusercontent.com/phu889/kjh998/refs/heads/main/py/君念影院.py
[2026-09-02T01:59:36Z] SKIP 已处理 https://raw.githubusercontent.com/phu889/kjh998/refs/heads/main/py/%E5%90%9B%E5%BF%B5%E5%BD%B1%E9%99%A2.py
[2026-09-02T01:59:36Z] 剥离代理前缀 -> https://raw.githubusercontent.com/phu889/kjh998/refs/heads/main/py/在线短剧.py
[2026-09-02T01:59:36Z] SKIP 已处理 https://raw.githubusercontent.com/phu889/kjh998/refs/heads/main/py/%E5%9C%A8%E7%BA%BF%E7%9F%AD%E5%89%A7.py
[2026-09-02T01:59:36Z] 剥离代理前缀 -> https://raw.githubusercontent.com/phu889/kjh998/refs/heads/main/py/夏日影院.py
[2026-09-02T01:59:36Z] SKIP 已处理 https://raw.githubusercontent.com/phu889/kjh998/refs/heads/main/py/%E5%A4%8F%E6%97%A5%E5%BD%B1%E9%99%A2.py
[2026-09-02T01:59:36Z] 剥离代理前缀 -> https://raw.githubusercontent.com/phu889/kjh998/refs/heads/main/py/永乐视频.py
[2026-09-02T01:59:36Z] SKIP 已处理 https://raw.githubusercontent.com/phu889/kjh998/refs/heads/main/py/%E6%B0%B8%E4%B9%90%E8%A7%86%E9%A2%91.py
[2026-09-02T01:59:36Z] 剥离代理前缀 -> https://raw.githubusercontent.com/phu889/kjh998/refs/heads/main/py/石榴短剧.py
[2026-09-02T01:59:36Z] SKIP 已处理 https://raw.githubusercontent.com/phu889/kjh998/refs/heads/main/py/%E7%9F%B3%E6%A6%B4%E7%9F%AD%E5%89%A7.py
[2026-09-02T01:59:36Z] SKIP 已处理 https://iptv.yang-1989.eu.org/m3u/Gather.m3u
[2026-09-02T01:59:42Z]   重试 1 失败: <urlopen error [Errno -2] Name or service not known>
[2026-09-02T01:59:56Z]   重试 2 失败: <urlopen error [Errno -2] Name or service not known>
[2026-09-02T02:00:12Z]   重试 3 失败: <urlopen error [Errno -2] Name or service not known>
[2026-09-02T02:00:12Z] FAIL 子链接 https://jx.jsonplayer.com/player/?url= -> <urlopen error [Errno -2] Name or service not known>
[2026-09-02T02:00:12Z] SKIP 已处理 https://jx.m3u8.tv/jiexi/?url=
[2026-09-02T02:00:12Z] SKIP 已处理 https://live.445569.xyz/live.m3u
[2026-09-02T02:00:12Z] SKIP 已处理 https://nm.xxxc137.top/static/player/artplayer.html?url=
[2026-09-02T02:00:12Z] SKIP 已处理 https://php.946985.filegear-sg.me/jackTV.m3u
[2026-09-02T02:00:12Z] SKIP 已处理 https://raw.githubusercontent.com/Guovin/iptv-api/gd/output/ipv4/result.m3u
[2026-09-02T02:00:12Z] SKIP 已处理 https://raw.githubusercontent.com/xJEYDAin/iptv/main/output/all_merged.m3u
[2026-09-02T02:00:12Z] SKIP 已处理 https://t.freetv.fun/m3u/playlist_all.txt
[2026-09-02T02:00:12Z] 剥离代理前缀 -> https://raw.githubusercontent.com/vinkerq/iptv-api/refs/heads/master/iptv.txt
[2026-09-02T02:00:12Z] SKIP 已处理 https://raw.githubusercontent.com/vinkerq/iptv-api/refs/heads/master/iptv.txt
[2026-09-02T02:00:12Z] SKIP 已处理 https://www.985pan.com/down.php/bf5e9607ff407fcdd71f63928ea5bc79.txt
[2026-09-02T02:00:13Z] SKIP 重复内容 FGBLH__EHR663/275听书.py
[2026-09-02T02:00:13Z] OK FGBLH__EHR663/30剧集网🍀TG @hshsjk9.py (22573 字节)
[2026-09-02T02:00:13Z] SKIP 重复内容 FGBLH__EHR663/456电影网.py
[2026-09-02T02:00:13Z] SKIP 重复内容 FGBLH__EHR663/4K影视.py
[2026-09-02T02:00:13Z] SKIP 重复内容 FGBLH__EHR663/58影视.py
[2026-09-02T02:00:13Z] OK FGBLH__EHR663/66大片网🍀TG @hshsjk9.py (14008 字节)
[2026-09-02T02:00:13Z] SKIP 重复内容 FGBLH__EHR663/808影院.py
[2026-09-02T02:00:13Z] OK FGBLH__EHR663/ASMR吧🍀TG @hshsjk9.py (29096 字节)
[2026-09-02T02:00:13Z] OK FGBLH__EHR663/Auete影视🍀TG @hshsjk9.py (6181 字节)
[2026-09-02T02:00:13Z] SKIP 重复内容 FGBLH__EHR663/DJ呦呦.py
[2026-09-02T02:00:13Z] OK FGBLH__EHR663/EcoHub影视🍀TG @hshsjk9.py (8027 字节)
[2026-09-02T02:00:13Z] OK FGBLH__EHR663/FoFo影院🍀TG @hshsjk9.py (18180 字节)
[2026-09-02T02:00:13Z] SKIP 重复内容 FGBLH__EHR663/FreeOK.py
[2026-09-02T02:00:13Z] SKIP 重复内容 FGBLH__EHR663/MiFun动漫.py
[2026-09-02T02:00:14Z] OK FGBLH__EHR663/VIP兔🍀TG @hshsjk9.py (22574 字节)
[2026-09-02T02:00:14Z] OK FGBLH__EHR663/VS影院🍀TG @hshsjk9.py (7084 字节)
[2026-09-02T02:00:14Z] OK FGBLH__EHR663/pomo🍀TG @hshsjk9.py (10534 字节)
[2026-09-02T02:00:14Z] OK FGBLH__EHR663/vidhub🍀TG @hshsjk9.py (12706 字节)
[2026-09-02T02:00:14Z] OK FGBLH__EHR663/一起影视🍀TG @hshsjk9.py (14481 字节)
[2026-09-02T02:00:14Z] SKIP 重复内容 FGBLH__EHR663/七味.py
[2026-09-02T02:00:14Z] SKIP 重复内容 FGBLH__EHR663/七猫影视.py
[2026-09-02T02:00:14Z] OK FGBLH__EHR663/仙腾影院🍀TG @hshsjk9.py (27831 字节)
[2026-09-02T02:00:14Z] SKIP 重复内容 FGBLH__EHR663/优酷视频.py
[2026-09-02T02:00:14Z] SKIP 重复内容 FGBLH__EHR663/低端影视.py
[2026-09-02T02:00:14Z] SKIP 重复内容 FGBLH__EHR663/兄弟影视.py
[2026-09-02T02:00:14Z] OK FGBLH__EHR663/兔岛影院🍀TG @hshsjk9.py (23110 字节)
[2026-09-02T02:00:14Z] SKIP 重复内容 FGBLH__EHR663/八天电影.py
[2026-09-02T02:00:14Z] OK FGBLH__EHR663/八戒影视🍀TG @hshsjk9.py (30284 字节)
[2026-09-02T02:00:15Z] OK FGBLH__EHR663/共和国动漫🍀TG @hshsjk9.py (15472 字节)
[2026-09-02T02:00:15Z] SKIP 重复内容 FGBLH__EHR663/共青春影院.py
[2026-09-02T02:00:15Z] SKIP 重复内容 FGBLH__EHR663/农民影视.py
[2026-09-02T02:00:15Z] SKIP 重复内容 FGBLH__EHR663/初见影视.py
[2026-09-02T02:00:15Z] OK FGBLH__EHR663/刷不停短剧🍀TG @hshsjk9.py (14191 字节)
[2026-09-02T02:00:15Z] SKIP 重复内容 FGBLH__EHR663/剧OK.py
[2026-09-02T02:00:15Z] OK FGBLH__EHR663/剧下饭4K🍀TG @hshsjk9.py (20715 字节)
[2026-09-02T02:00:15Z] SKIP 重复内容 FGBLH__EHR663/动漫啦.py
[2026-09-02T02:00:15Z] SKIP 重复内容 FGBLH__EHR663/动漫巴士.py
[2026-09-02T02:00:15Z] SKIP 重复内容 FGBLH__EHR663/努努影院.py
[2026-09-02T02:00:15Z] SKIP 重复内容 FGBLH__EHR663/千千影视.py
[2026-09-02T02:00:15Z] OK FGBLH__EHR663/千千音乐🍀TG @hshsjk9.py (14374 字节)
[2026-09-02T02:00:15Z] SKIP 重复内容 FGBLH__EHR663/华数TV.py
[2026-09-02T02:00:15Z] SKIP 重复内容 FGBLH__EHR663/厂长影视.py
[2026-09-02T02:00:15Z] OK FGBLH__EHR663/厂长资源🍀TG @hshsjk9.py (18158 字节)
[2026-09-02T02:00:16Z] SKIP 重复内容 FGBLH__EHR663/可可影视.py
[2026-09-02T02:00:16Z] OK FGBLH__EHR663/听书网456🍀TG @hshsjk9.py (14138 字节)
[2026-09-02T02:00:16Z] SKIP 重复内容 FGBLH__EHR663/咖啡直播.py
[2026-09-02T02:00:16Z] SKIP 重复内容 FGBLH__EHR663/哇哇APP.py
[2026-09-02T02:00:16Z] SKIP 重复内容 FGBLH__EHR663/哔哩直播.py
[2026-09-02T02:00:16Z] SKIP 重复内容 FGBLH__EHR663/喜福短剧.py
[2026-09-02T02:00:16Z] SKIP 重复内容 FGBLH__EHR663/嘀嗒影视.py
[2026-09-02T02:00:16Z] OK FGBLH__EHR663/多多影视🍀TG @hshsjk9.py (6983 字节)
[2026-09-02T02:00:16Z] SKIP 重复内容 FGBLH__EHR663/多瑙影院.py
[2026-09-02T02:00:16Z] OK FGBLH__EHR663/大象短剧🍀TG @hshsjk9.py (17168 字节)
[2026-09-02T02:00:16Z] OK FGBLH__EHR663/大马猴🍀TG @hshsjk9.py (19178 字节)
[2026-09-02T02:00:16Z] SKIP 重复内容 FGBLH__EHR663/太乙影视.py
[2026-09-02T02:00:16Z] SKIP 重复内容 FGBLH__EHR663/奇优影院.py
[2026-09-02T02:00:17Z] SKIP 重复内容 FGBLH__EHR663/奇点影视.py
[2026-09-02T02:00:17Z] SKIP 重复内容 FGBLH__EHR663/奈非工厂.py
[2026-09-02T02:00:17Z] SKIP 重复内容 FGBLH__EHR663/好剧屋.py
[2026-09-02T02:00:17Z] OK FGBLH__EHR663/好好看🍀TG @hshsjk9.py (11679 字节)
[2026-09-02T02:00:17Z] SKIP 重复内容 FGBLH__EHR663/威视TV.py
[2026-09-02T02:00:17Z] OK FGBLH__EHR663/宅男影视🍀TG @hshsjk9.py (8565 字节)
[2026-09-02T02:00:17Z] OK FGBLH__EHR663/山水影视🍀TG @hshsjk9.py (28680 字节)
[2026-09-02T02:00:17Z] OK FGBLH__EHR663/影视大全.py (8734 字节)
[2026-09-02T02:00:17Z] OK FGBLH__EHR663/影视大全🍀TG @hshsjk9.py (10615 字节)
[2026-09-02T02:00:17Z] SKIP 重复内容 FGBLH__EHR663/悟圣短剧.py
[2026-09-02T02:00:17Z] SKIP 重复内容 FGBLH__EHR663/悟空影视.py
[2026-09-02T02:00:18Z] SKIP 重复内容 FGBLH__EHR663/悦听吧.py
[2026-09-02T02:00:18Z] OK FGBLH__EHR663/搜剧AI🍀TG @hshsjk9.py (20711 字节)
[2026-09-02T02:00:18Z] OK FGBLH__EHR663/易听书网🍀TG @hshsjk9.py (16282 字节)
[2026-09-02T02:00:18Z] OK FGBLH__EHR663/星梦Asmr🍀TG @hshsjk9.py (15384 字节)
[2026-09-02T02:00:18Z] SKIP 重复内容 FGBLH__EHR663/星河影视.py
[2026-09-02T02:00:18Z] SKIP 重复内容 FGBLH__EHR663/星芽短剧.py
[2026-09-02T02:00:18Z] SKIP 重复内容 FGBLH__EHR663/星辰影院.py
[2026-09-02T02:00:18Z] SKIP 重复内容 FGBLH__EHR663/映像星球.py
[2026-09-02T02:00:18Z] OK FGBLH__EHR663/映刻短剧🍀TG @hshsjk9.py (13922 字节)
[2026-09-02T02:00:18Z] OK FGBLH__EHR663/智能加载v5.1.py (15659 字节)
[2026-09-02T02:00:18Z] SKIP 重复内容 FGBLH__EHR663/枝枝影视.py
[2026-09-02T02:00:18Z] SKIP 重复内容 FGBLH__EHR663/枫叶4K.py
[2026-09-02T02:00:18Z] OK FGBLH__EHR663/枫叶影院🍀TG @hshsjk9.py (12544 字节)
[2026-09-02T02:00:18Z] SKIP 重复内容 FGBLH__EHR663/枫叶音乐.py
[2026-09-02T02:00:18Z] SKIP 重复内容 FGBLH__EHR663/柯南影视.py
[2026-09-02T02:00:19Z] OK FGBLH__EHR663/楓林網🍀TG @hshsjk9.py (15209 字节)
[2026-09-02T02:00:19Z] OK FGBLH__EHR663/樱之空动漫🍀TG @hshsjk9.py (26093 字节)
[2026-09-02T02:00:19Z] SKIP 重复内容 FGBLH__EHR663/毒舌影视.py
[2026-09-02T02:00:19Z] OK FGBLH__EHR663/毒舌短剧🍀TG @hshsjk9.py (15441 字节)
[2026-09-02T02:00:19Z] SKIP 重复内容 FGBLH__EHR663/永乐视频.py
[2026-09-02T02:00:19Z] SKIP 重复内容 FGBLH__EHR663/河马剧场.py
[2026-09-02T02:00:19Z] SKIP 重复内容 FGBLH__EHR663/油管.py
[2026-09-02T02:00:19Z] SKIP 重复内容 FGBLH__EHR663/油管直播.py
[2026-09-02T02:00:19Z] OK FGBLH__EHR663/泡泡影院🍀TG @hshsjk9.py (13900 字节)
[2026-09-02T02:00:19Z] SKIP 重复内容 FGBLH__EHR663/泥视频.py
[2026-09-02T02:00:20Z] SKIP 重复内容 FGBLH__EHR663/热播APP.py
[2026-09-02T02:00:20Z] SKIP 重复内容 FGBLH__EHR663/熊猫直播.py
[2026-09-02T02:00:20Z] SKIP 重复内容 FGBLH__EHR663/爱壹帆.py
[2026-09-02T02:00:20Z] SKIP 重复内容 FGBLH__EHR663/爱看机器人.py
[2026-09-02T02:00:20Z] SKIP 重复内容 FGBLH__EHR663/瓜子APP.py
[2026-09-02T02:00:20Z] OK FGBLH__EHR663/电影侠🍀TG @hshsjk9.py (17731 字节)
[2026-09-02T02:00:20Z] OK FGBLH__EHR663/百花影院🍀TG @hshsjk9.py (16914 字节)
[2026-09-02T02:00:20Z] SKIP 重复内容 FGBLH__EHR663/皮皮虾.py
[2026-09-02T02:00:20Z] OK FGBLH__EHR663/看剧AI🍀TG @hshsjk9.py (10154 字节)
[2026-09-02T02:00:20Z] OK FGBLH__EHR663/看戏影视🍀TG @hshsjk9.py (14785 字节)
[2026-09-02T02:00:20Z] SKIP 重复内容 FGBLH__EHR663/真狼影视.py
[2026-09-02T02:00:20Z] SKIP 重复内容 FGBLH__EHR663/短剧巴士.py
[2026-09-02T02:00:20Z] SKIP 重复内容 FGBLH__EHR663/短剧聚合.py
[2026-09-02T02:00:21Z] SKIP 重复内容 FGBLH__EHR663/神马影视.py
[2026-09-02T02:00:21Z] SKIP 重复内容 FGBLH__EHR663/糯米短剧.py
[2026-09-02T02:00:21Z] SKIP 重复内容 FGBLH__EHR663/网飞TV.py
[2026-09-02T02:00:21Z] SKIP 重复内容 FGBLH__EHR663/美剧天堂.py
[2026-09-02T02:00:21Z] SKIP 重复内容 FGBLH__EHR663/聚合直播.py
[2026-09-02T02:00:21Z] OK FGBLH__EHR663/腾爱优芒B🍀TG @hshsjk9.py (15859 字节)
[2026-09-02T02:00:21Z] SKIP 重复内容 FGBLH__EHR663/腾讯视频.py
[2026-09-02T02:00:21Z] OK FGBLH__EHR663/自动加载678.py (15706 字节)
[2026-09-02T02:00:21Z] SKIP 重复内容 FGBLH__EHR663/芒果TV.py
[2026-09-02T02:00:22Z] SKIP 重复内容 FGBLH__EHR663/茶杯狐.py
[2026-09-02T02:00:22Z] OK FGBLH__EHR663/草莓影视🍀TG @hshsjk9.py (10224 字节)
[2026-09-02T02:00:22Z] SKIP 重复内容 FGBLH__EHR663/蛋挞TV.py
[2026-09-02T02:00:22Z] SKIP 重复内容 FGBLH__EHR663/蝶卡影视.py
[2026-09-02T02:00:22Z] SKIP 重复内容 FGBLH__EHR663/袋鼠影视.py
[2026-09-02T02:00:22Z] SKIP 重复内容 FGBLH__EHR663/观风影视.py
[2026-09-02T02:00:22Z] SKIP 重复内容 FGBLH__EHR663/视觉影院.py
[2026-09-02T02:00:22Z] SKIP 重复内容 FGBLH__EHR663/豆花影视.py
[2026-09-02T02:00:22Z] SKIP 重复内容 FGBLH__EHR663/追光影视.py
[2026-09-02T02:00:22Z] SKIP 重复内容 FGBLH__EHR663/追影.py
[2026-09-02T02:00:22Z] SKIP 重复内容 FGBLH__EHR663/酷我音乐.py
[2026-09-02T02:00:23Z] SKIP 重复内容 FGBLH__EHR663/采集聚合.py
[2026-09-02T02:00:23Z] SKIP 重复内容 FGBLH__EHR663/金牌APP.py
[2026-09-02T02:00:23Z] OK FGBLH__EHR663/青牛影视🍀TG @hshsjk9.py (24205 字节)
[2026-09-02T02:00:23Z] OK FGBLH__EHR663/青空次元🍀TG @hshsjk9.py (13879 字节)
[2026-09-02T02:00:23Z] OK FGBLH__EHR663/青蛙影视🍀TG @hshsjk9.py (21157 字节)
[2026-09-02T02:00:23Z] SKIP 重复内容 FGBLH__EHR663/韩小圈.py
[2026-09-02T02:00:23Z] OK FGBLH__EHR663/音乐聚合🍀TG @hshsjk9.py (21258 字节)
[2026-09-02T02:00:23Z] OK FGBLH__EHR663/飞快TV🍀TG @hshsjk9.py (19146 字节)
[2026-09-02T02:00:23Z] OK FGBLH__EHR663/飞流视频🍀TG @hshsjk9.py (8748 字节)
[2026-09-02T02:00:23Z] OK FGBLH__EHR663/饭搭子影视.py (15414 字节)
[2026-09-02T02:00:23Z] OK FGBLH__EHR663/首映网🍀TG @hshsjk9.py (25349 字节)
[2026-09-02T02:00:23Z] SKIP 重复内容 FGBLH__EHR663/骚火影视.py
[2026-09-02T02:00:23Z] OK FGBLH__EHR663/高清点播🍀TG @hshsjk9.py (13972 字节)
[2026-09-02T02:00:23Z] SKIP 重复内容 FGBLH__EHR663/麒麟影视.py
[2026-09-02T02:00:23Z] SKIP 重复内容 FGBLH__EHR663/麦田影院.py
[2026-09-02T02:00:24Z] SKIP 重复内容 FGBLH__EHR663/麻花影视.py
[2026-09-02T02:00:24Z] OK FGBLH__EHR663/午夜剧场.txt (1613 字节)
[2026-09-02T02:00:24Z] OK FGBLH__EHR663/安博.txt (105350 字节)
[2026-09-02T02:00:24Z] 已生成订阅页：212 个文件
[2026-09-02T02:00:24Z] py.json 合并直播源：模板 2 + 采集 39 = 41 条
[2026-09-02T02:00:24Z] 已生成 tvbox/py.json：146 个 spider 站点
[2026-09-02T02:00:24Z] === 完成：成功 212 / 2 条 ===
[2026-09-02T02:00:24Z] TG 未配置，跳过推送（如需推送请在仓库 Actions Secrets 设置 TG_BOT_TOKEN / TG_CHAT_ID）
[2026-09-02T03:23:42Z] === TVBox collector start ===
[2026-09-02T03:23:42Z] 待处理 2 条
[2026-09-02T03:23:42Z] 剥离代理前缀 -> https://raw.githubusercontent.com/FGBLH/EHR663/refs/heads/main/Web鱼壳海豚常规23
[2026-09-02T03:23:43Z] 已自动解密 https://raw.githubusercontent.com/FGBLH/EHR663/refs/heads/main/Web%E9%B1%BC%E5%A3%B3%E6%B5%B7%E8%B1%9A%E5%B8%B8%E8%A7%8423
[2026-09-02T03:23:43Z] SKIP 未变化 Web鱼壳海豚常规23.json
[2026-09-02T03:23:43Z] 解密配置中发现 180 个子链接，继续采集...
[2026-09-02T03:23:45Z]   重试 1 失败: <urlopen error [Errno 111] Connection refused>
[2026-09-02T03:23:49Z]   重试 2 失败: <urlopen error [Errno 111] Connection refused>
[2026-09-02T03:23:55Z]   重试 3 失败: <urlopen error [Errno 111] Connection refused>
[2026-09-02T03:23:55Z] FAIL 子链接 http://127.0.0.1:9978/file/TVBox/bili_cookie.txt -> <urlopen error [Errno 111] Connection refused>
[2026-09-02T03:23:55Z] SKIP 未变化 4gtv.m3u
[2026-09-02T03:23:55Z] SKIP 未变化 fwc.m3u
[2026-09-02T03:23:57Z] SKIP 未变化 黄蚂蚁先锋推流源.txt
[2026-09-02T03:24:00Z]   重试 1 失败: Remote end closed connection without response
[2026-09-02T03:24:34Z]   重试 2 失败: <urlopen error timed out>
[2026-09-02T03:25:10Z]   重试 3 失败: <urlopen error timed out>
[2026-09-02T03:25:40Z] FAIL 子链接 http://iptv.4666888.xyz/FYTV.txt -> <urlopen error timed out>
[2026-09-02T03:25:42Z] OK tv.m3u (967199 字节)
[2026-09-02T03:26:14Z]   重试 1 失败: <urlopen error [Errno 101] Network is unreachable>
[2026-09-02T03:26:48Z]   重试 2 失败: <urlopen error [Errno 101] Network is unreachable>
[2026-09-02T03:27:24Z]   重试 3 失败: <urlopen error [Errno 101] Network is unreachable>
[2026-09-02T03:27:54Z] FAIL 子链接 http://www.52top.com.cn:678/downloads/migu.txt -> <urlopen error [Errno 101] Network is unreachable>
[2026-09-02T03:27:55Z] OK 4gtv.txt (30450 字节)
[2026-09-02T03:27:55Z] SKIP 未变化 新加坡.m3u
[2026-09-02T03:27:56Z] SKIP 未变化 app.txt
[2026-09-02T03:27:57Z] OK live.m3u (12243 字节)
[2026-09-02T03:27:58Z] SKIP 未变化 20251023002031-6064033c16.js
[2026-09-02T03:27:59Z] SKIP 未变化 20251023002108-a4795930ec.js
[2026-09-02T03:28:00Z] SKIP 未变化 20251023002144-0e40887294.js
[2026-09-02T03:28:02Z] SKIP 未变化 20251023002200-507c3e8aae.js
[2026-09-02T03:28:05Z]   重试 1 失败: HTTP Error 403: Forbidden
[2026-09-02T03:28:09Z]   重试 2 失败: HTTP Error 403: Forbidden
[2026-09-02T03:28:16Z]   重试 3 失败: HTTP Error 403: Forbidden
[2026-09-02T03:28:16Z] FAIL 子链接 https://cnb.cool/fish2018/xs/-/git/raw/main/XBPQ/哆啦新番社.json -> HTTP Error 403: Forbidden
[2026-09-02T03:28:19Z]   重试 1 失败: HTTP Error 403: Forbidden
[2026-09-02T03:28:23Z]   重试 2 失败: HTTP Error 403: Forbidden
[2026-09-02T03:28:30Z]   重试 3 失败: HTTP Error 403: Forbidden
[2026-09-02T03:28:30Z] FAIL 子链接 https://cnb.cool/fish2018/xs/-/git/raw/main/XBPQ/小镇影视.json -> HTTP Error 403: Forbidden
[2026-09-02T03:28:33Z]   重试 1 失败: HTTP Error 403: Forbidden
[2026-09-02T03:28:37Z]   重试 2 失败: HTTP Error 403: Forbidden
[2026-09-02T03:28:44Z]   重试 3 失败: HTTP Error 403: Forbidden
[2026-09-02T03:28:44Z] FAIL 子链接 https://cnb.cool/fish2018/xs/-/git/raw/main/XBPQ/永乐影视.json -> HTTP Error 403: Forbidden
[2026-09-02T03:28:47Z]   重试 1 失败: HTTP Error 403: Forbidden
[2026-09-02T03:28:51Z]   重试 2 失败: HTTP Error 403: Forbidden
[2026-09-02T03:28:58Z]   重试 3 失败: HTTP Error 403: Forbidden
[2026-09-02T03:28:58Z] FAIL 子链接 https://cnb.cool/fish2018/xs/-/git/raw/main/XBPQ/面包影视.json -> HTTP Error 403: Forbidden
[2026-09-02T03:29:01Z]   重试 1 失败: HTTP Error 403: Forbidden
[2026-09-02T03:29:05Z]   重试 2 失败: HTTP Error 403: Forbidden
[2026-09-02T03:29:12Z]   重试 3 失败: HTTP Error 403: Forbidden
[2026-09-02T03:29:12Z] FAIL 子链接 https://cnb.cool/fish2018/xs/-/git/raw/main/XYQHiker/剧圈影视.json -> HTTP Error 403: Forbidden
[2026-09-02T03:29:15Z]   重试 1 失败: HTTP Error 403: Forbidden
[2026-09-02T03:29:19Z]   重试 2 失败: HTTP Error 403: Forbidden
[2026-09-02T03:29:26Z]   重试 3 失败: HTTP Error 403: Forbidden
[2026-09-02T03:29:26Z] FAIL 子链接 https://cnb.cool/fish2018/xs/-/git/raw/main/XYQHiker/巴士动漫.json -> HTTP Error 403: Forbidden
[2026-09-02T03:29:29Z]   重试 1 失败: HTTP Error 403: Forbidden
[2026-09-02T03:29:33Z]   重试 2 失败: HTTP Error 403: Forbidden
[2026-09-02T03:29:40Z]   重试 3 失败: HTTP Error 403: Forbidden
[2026-09-02T03:29:40Z] FAIL 子链接 https://cnb.cool/fish2018/xs/-/git/raw/main/XYQHiker/电影港.json -> HTTP Error 403: Forbidden
[2026-09-02T03:29:43Z]   重试 1 失败: HTTP Error 403: Forbidden
[2026-09-02T03:29:47Z]   重试 2 失败: HTTP Error 403: Forbidden
[2026-09-02T03:29:54Z]   重试 3 失败: HTTP Error 403: Forbidden
[2026-09-02T03:29:54Z] FAIL 子链接 https://cnb.cool/fish2018/xs/-/git/raw/main/js/Anime1.js -> HTTP Error 403: Forbidden
[2026-09-02T03:29:57Z]   重试 1 失败: HTTP Error 403: Forbidden
[2026-09-02T03:30:02Z]   重试 2 失败: HTTP Error 403: Forbidden
[2026-09-02T03:30:08Z]   重试 3 失败: HTTP Error 403: Forbidden
[2026-09-02T03:30:09Z] FAIL 子链接 https://cnb.cool/fish2018/xs/-/git/raw/main/js/drpy2.min.js -> HTTP Error 403: Forbidden
[2026-09-02T03:30:11Z]   重试 1 失败: HTTP Error 403: Forbidden
[2026-09-02T03:30:16Z]   重试 2 失败: HTTP Error 403: Forbidden
[2026-09-02T03:30:22Z]   重试 3 失败: HTTP Error 403: Forbidden
[2026-09-02T03:30:23Z] FAIL 子链接 https://cnb.cool/fish2018/xs/-/git/raw/main/js/去看吧.js -> HTTP Error 403: Forbidden
[2026-09-02T03:30:25Z]   重试 1 失败: HTTP Error 403: Forbidden
[2026-09-02T03:30:30Z]   重试 2 失败: HTTP Error 403: Forbidden
[2026-09-02T03:30:36Z]   重试 3 失败: HTTP Error 403: Forbidden
[2026-09-02T03:30:37Z] FAIL 子链接 https://cnb.cool/fish2018/xs/-/git/raw/main/js/路漫漫.js -> HTTP Error 403: Forbidden
[2026-09-02T03:30:39Z]   重试 1 失败: HTTP Error 403: Forbidden
[2026-09-02T03:30:44Z]   重试 2 失败: HTTP Error 403: Forbidden
[2026-09-02T03:30:50Z]   重试 3 失败: HTTP Error 403: Forbidden
[2026-09-02T03:30:51Z] FAIL 子链接 https://cnb.cool/fish2018/xs/-/git/raw/main/json/哔哩哔哩听书.json -> HTTP Error 403: Forbidden
[2026-09-02T03:30:53Z]   重试 1 失败: HTTP Error 403: Forbidden
[2026-09-02T03:30:58Z]   重试 2 失败: HTTP Error 403: Forbidden
[2026-09-02T03:31:04Z]   重试 3 失败: HTTP Error 403: Forbidden
[2026-09-02T03:31:05Z] FAIL 子链接 https://cnb.cool/fish2018/xs/-/git/raw/main/py/哔哩直播.py -> HTTP Error 403: Forbidden
[2026-09-02T03:31:07Z]   重试 1 失败: HTTP Error 403: Forbidden
[2026-09-02T03:31:12Z]   重试 2 失败: HTTP Error 403: Forbidden
[2026-09-02T03:31:18Z]   重试 3 失败: HTTP Error 403: Forbidden
[2026-09-02T03:31:19Z] FAIL 子链接 https://cnb.cool/fish2018/xs/-/git/raw/main/py/星芽短剧.py -> HTTP Error 403: Forbidden
[2026-09-02T03:31:21Z]   重试 1 失败: HTTP Error 403: Forbidden
[2026-09-02T03:31:26Z]   重试 2 失败: HTTP Error 403: Forbidden
[2026-09-02T03:31:32Z]   重试 3 失败: HTTP Error 403: Forbidden
[2026-09-02T03:31:33Z] FAIL 子链接 https://cnb.cool/fish2018/xs/-/git/raw/main/py/爱听音乐.py -> HTTP Error 403: Forbidden
[2026-09-02T03:31:35Z]   重试 1 失败: HTTP Error 403: Forbidden
[2026-09-02T03:31:40Z]   重试 2 失败: HTTP Error 403: Forbidden
[2026-09-02T03:31:46Z]   重试 3 失败: HTTP Error 403: Forbidden
[2026-09-02T03:31:47Z] FAIL 子链接 https://cnb.cool/fish2018/xs/-/git/raw/main/py/网络直播.py -> HTTP Error 403: Forbidden
[2026-09-02T03:33:45Z] SKIP 未变化 小新TV.txt
[2026-09-02T03:33:48Z]   重试 1 失败: HTTP Error 404: Not Found
[2026-09-02T03:33:53Z]   重试 2 失败: HTTP Error 404: Not Found
[2026-09-02T03:33:59Z]   重试 3 失败: HTTP Error 404: Not Found
[2026-09-02T03:34:00Z] FAIL 子链接 https://dm-1255775577.cos.ap-guangzhou.myqcloud.com/dmg/api.txt -> HTTP Error 404: Not Found
[2026-09-02T03:34:32Z]   重试 1 失败: <urlopen error timed out>
[2026-09-02T03:35:06Z]   重试 2 失败: <urlopen error timed out>
[2026-09-02T03:35:42Z]   重试 3 失败: <urlopen error timed out>
[2026-09-02T03:36:12Z] FAIL 子链接 https://dyttandroid-1372779881.cos.ap-guangzhou.myqcloud.com/app_dyttandroid.txt -> <urlopen error timed out>
[2026-09-02T03:36:13Z] SKIP 未变化 app_dyttandroid.txt
[2026-09-02T03:36:13Z] SKIP 未变化 test_channels_taiwan.m3u
[2026-09-02T03:36:13Z] SKIP 未变化 360聚合.html
[2026-09-02T03:36:14Z] SKIP 未变化 6v.html
[2026-09-02T03:36:14Z] SKIP 未变化 libvio.html
[2026-09-02T03:36:14Z] SKIP 未变化 ppnix.html
[2026-09-02T03:36:14Z] SKIP 未变化 ptt.html
[2026-09-02T03:36:14Z] SKIP 未变化 youtube.html
[2026-09-02T03:36:14Z] SKIP 未变化 厂长.html
[2026-09-02T03:36:14Z] SKIP 未变化 歪比巴卜.html
[2026-09-02T03:36:14Z] SKIP 未变化 海豚影视.html
[2026-09-02T03:36:14Z] SKIP 未变化 玩偶聚合.html
[2026-09-02T03:36:15Z] SKIP 未变化 观影.html
[2026-09-02T03:36:15Z] SKIP 未变化 3E7E0C8A023B624CEC6BDCC200F06F02.js
[2026-09-02T03:36:15Z] SKIP 未变化 h3mb5a.txt
[2026-09-02T03:36:37Z]   重试 1 失败: HTTP Error 522: <none>
[2026-09-02T03:37:01Z]   重试 2 失败: HTTP Error 522: <none>
[2026-09-02T03:37:26Z]   重试 3 失败: HTTP Error 522: <none>
[2026-09-02T03:37:46Z] FAIL 子链接 https://gh-proxy.org/https://github.com/bang359/dsj/raw/main/dsjcs.txt -> HTTP Error 522: <none>
[2026-09-02T03:37:46Z] 剥离代理前缀 -> https://raw.githubusercontent.com/807080747/zv/refs/heads/main/sese.txt
[2026-09-02T03:37:46Z] SKIP 未变化 sese.txt
[2026-09-02T03:37:46Z] 剥离代理前缀 -> https://raw.githubusercontent.com/Jsnzkpg/Jsnzkpg/Jsnzkpg/Jsnzkpg1.m3u
[2026-09-02T03:37:49Z]   重试 1 失败: HTTP Error 404: Not Found
[2026-09-02T03:37:53Z]   重试 2 失败: HTTP Error 404: Not Found
[2026-09-02T03:37:59Z]   重试 3 失败: HTTP Error 404: Not Found
[2026-09-02T03:37:59Z] FAIL 子链接 https://gh-proxy.org/https://raw.githubusercontent.com/Jsnzkpg/Jsnzkpg/Jsnzkpg/Jsnzkpg1.m3u -> HTTP Error 404: Not Found
[2026-09-02T03:37:59Z] 剥离代理前缀 -> https://raw.githubusercontent.com/vinkerq/iptv-api/refs/heads/master/iptv.txt
[2026-09-02T03:38:01Z] SKIP 未变化 iptv.txt
[2026-09-02T03:38:01Z] 剥离代理前缀 -> https://raw.githubusercontent.com/wujiangliu/live-sources/refs/heads/main/%E5%85%A8%E7%90%83%E7%9B%B4%E6%92%AD.m3u
[2026-09-02T03:38:01Z] SKIP 未变化 全球直播.m3u
[2026-09-02T03:38:01Z] 剥离代理前缀 -> https://raw.githubusercontent.com/wujiangliu/live-sources/refs/heads/main/bhmb.m3u
[2026-09-02T03:38:01Z] SKIP 未变化 bhmb.m3u
[2026-09-02T03:38:01Z] 剥离代理前缀 -> https://raw.githubusercontent.com/Kimentanm/aptv/master/m3u/iptv.m3u
[2026-09-02T03:38:01Z] SKIP 未变化 iptv.m3u
[2026-09-02T03:38:01Z] 剥离代理前缀 -> https://raw.githubusercontent.com/develop202/migu_video/refs/heads/main/interface.txt
[2026-09-02T03:38:02Z] SKIP 未变化 interface.txt
[2026-09-02T03:38:02Z] 剥离代理前缀 -> https://raw.githubusercontent.com/FGBLH/EHR663/refs/heads/main/4gtv.txt
[2026-09-02T03:38:02Z] OK 4gtv.txt (7714 字节)
[2026-09-02T03:38:02Z] 剥离代理前缀 -> https://raw.githubusercontent.com/FGBLH/EHR663/refs/heads/main/Nettv.txt
[2026-09-02T03:38:02Z] SKIP 未变化 Nettv.txt
[2026-09-02T03:38:02Z] 剥离代理前缀 -> https://raw.githubusercontent.com/FGBLH/EHR663/refs/heads/main/py/275听书.py
[2026-09-02T03:38:02Z] SKIP 未变化 275听书.py
[2026-09-02T03:38:02Z] 剥离代理前缀 -> https://raw.githubusercontent.com/FGBLH/EHR663/refs/heads/main/py/456电影网.py
[2026-09-02T03:38:03Z] SKIP 未变化 456电影网.py
[2026-09-02T03:38:03Z] 剥离代理前缀 -> https://raw.githubusercontent.com/FGBLH/EHR663/refs/heads/main/py/4K影视.py
[2026-09-02T03:38:03Z] SKIP 未变化 4K影视.py
[2026-09-02T03:38:03Z] 剥离代理前缀 -> https://raw.githubusercontent.com/FGBLH/EHR663/refs/heads/main/py/58影视.py
[2026-09-02T03:38:03Z] SKIP 未变化 58影视.py
[2026-09-02T03:38:03Z] 剥离代理前缀 -> https://raw.githubusercontent.com/FGBLH/EHR663/refs/heads/main/py/808影院.py
[2026-09-02T03:38:03Z] SKIP 未变化 808影院.py
[2026-09-02T03:38:03Z] 剥离代理前缀 -> https://raw.githubusercontent.com/FGBLH/EHR663/refs/heads/main/py/DJ呦呦.py
[2026-09-02T03:38:03Z] SKIP 未变化 DJ呦呦.py
[2026-09-02T03:38:03Z] 剥离代理前缀 -> https://raw.githubusercontent.com/FGBLH/EHR663/refs/heads/main/py/FreeOK.py
[2026-09-02T03:38:03Z] SKIP 未变化 FreeOK.py
[2026-09-02T03:38:03Z] 剥离代理前缀 -> https://raw.githubusercontent.com/FGBLH/EHR663/refs/heads/main/py/MiFun动漫.py
[2026-09-02T03:38:03Z] SKIP 未变化 MiFun动漫.py
[2026-09-02T03:38:03Z] 剥离代理前缀 -> https://raw.githubusercontent.com/FGBLH/EHR663/refs/heads/main/py/七味.py
[2026-09-02T03:38:04Z] SKIP 未变化 七味.py
[2026-09-02T03:38:04Z] 剥离代理前缀 -> https://raw.githubusercontent.com/FGBLH/EHR663/refs/heads/main/py/七猫影视.py
[2026-09-02T03:38:04Z] SKIP 未变化 七猫影视.py
[2026-09-02T03:38:04Z] 剥离代理前缀 -> https://raw.githubusercontent.com/FGBLH/EHR663/refs/heads/main/py/优酷视频.py
[2026-09-02T03:38:04Z] SKIP 未变化 优酷视频.py
[2026-09-02T03:38:04Z] 剥离代理前缀 -> https://raw.githubusercontent.com/FGBLH/EHR663/refs/heads/main/py/低端影视.py
[2026-09-02T03:38:04Z] SKIP 未变化 低端影视.py
[2026-09-02T03:38:04Z] 剥离代理前缀 -> https://raw.githubusercontent.com/FGBLH/EHR663/refs/heads/main/py/兄弟影视.py
[2026-09-02T03:38:04Z] SKIP 未变化 兄弟影视.py
[2026-09-02T03:38:04Z] 剥离代理前缀 -> https://raw.githubusercontent.com/FGBLH/EHR663/refs/heads/main/py/八天电影.py
[2026-09-02T03:38:04Z] SKIP 未变化 八天电影.py
[2026-09-02T03:38:04Z] 剥离代理前缀 -> https://raw.githubusercontent.com/FGBLH/EHR663/refs/heads/main/py/共青春影院.py
[2026-09-02T03:38:04Z] SKIP 未变化 共青春影院.py
[2026-09-02T03:38:04Z] 剥离代理前缀 -> https://raw.githubusercontent.com/FGBLH/EHR663/refs/heads/main/py/农民影视.py
[2026-09-02T03:38:05Z] SKIP 未变化 农民影视.py
[2026-09-02T03:38:05Z] 剥离代理前缀 -> https://raw.githubusercontent.com/FGBLH/EHR663/refs/heads/main/py/初见影视.py
[2026-09-02T03:38:05Z] SKIP 未变化 初见影视.py
[2026-09-02T03:38:05Z] 剥离代理前缀 -> https://raw.githubusercontent.com/FGBLH/EHR663/refs/heads/main/py/剧OK.py
[2026-09-02T03:38:05Z] SKIP 未变化 剧OK.py
[2026-09-02T03:38:05Z] 剥离代理前缀 -> https://raw.githubusercontent.com/FGBLH/EHR663/refs/heads/main/py/动漫啦.py
[2026-09-02T03:38:05Z] SKIP 未变化 动漫啦.py
[2026-09-02T03:38:05Z] 剥离代理前缀 -> https://raw.githubusercontent.com/FGBLH/EHR663/refs/heads/main/py/动漫巴士.py
[2026-09-02T03:38:06Z] SKIP 未变化 动漫巴士.py
[2026-09-02T03:38:06Z] 剥离代理前缀 -> https://raw.githubusercontent.com/FGBLH/EHR663/refs/heads/main/py/努努影院.py
[2026-09-02T03:38:06Z] SKIP 未变化 努努影院.py
[2026-09-02T03:38:06Z] 剥离代理前缀 -> https://raw.githubusercontent.com/FGBLH/EHR663/refs/heads/main/py/华数TV.py
[2026-09-02T03:38:06Z] SKIP 未变化 华数TV.py
[2026-09-02T03:38:06Z] 剥离代理前缀 -> https://raw.githubusercontent.com/FGBLH/EHR663/refs/heads/main/py/厂长影视.py
[2026-09-02T03:38:06Z] SKIP 未变化 厂长影视.py
[2026-09-02T03:38:06Z] 剥离代理前缀 -> https://raw.githubusercontent.com/FGBLH/EHR663/refs/heads/main/py/可可影视.py
[2026-09-02T03:38:06Z] SKIP 未变化 可可影视.py
[2026-09-02T03:38:06Z] 剥离代理前缀 -> https://raw.githubusercontent.com/FGBLH/EHR663/refs/heads/main/py/咖啡直播.py
[2026-09-02T03:38:06Z] SKIP 未变化 咖啡直播.py
[2026-09-02T03:38:06Z] 剥离代理前缀 -> https://raw.githubusercontent.com/FGBLH/EHR663/refs/heads/main/py/哇哇APP.py
[2026-09-02T03:38:07Z] SKIP 未变化 哇哇APP.py
[2026-09-02T03:38:07Z] 剥离代理前缀 -> https://raw.githubusercontent.com/FGBLH/EHR663/refs/heads/main/py/哔哩直播.py
[2026-09-02T03:38:07Z] SKIP 未变化 哔哩直播.py
[2026-09-02T03:38:07Z] 剥离代理前缀 -> https://raw.githubusercontent.com/FGBLH/EHR663/refs/heads/main/py/喜福短剧.py
[2026-09-02T03:38:07Z] SKIP 未变化 喜福短剧.py
[2026-09-02T03:38:07Z] 剥离代理前缀 -> https://raw.githubusercontent.com/FGBLH/EHR663/refs/heads/main/py/嘀嗒影视.py
[2026-09-02T03:38:07Z] SKIP 未变化 嘀嗒影视.py
[2026-09-02T03:38:07Z] 剥离代理前缀 -> https://raw.githubusercontent.com/FGBLH/EHR663/refs/heads/main/py/多瑙影院.py
[2026-09-02T03:38:07Z] SKIP 未变化 多瑙影院.py
[2026-09-02T03:38:07Z] 剥离代理前缀 -> https://raw.githubusercontent.com/FGBLH/EHR663/refs/heads/main/py/太乙影视.py
[2026-09-02T03:38:07Z] SKIP 未变化 太乙影视.py
[2026-09-02T03:38:07Z] 剥离代理前缀 -> https://raw.githubusercontent.com/FGBLH/EHR663/refs/heads/main/py/奇优影院.py
[2026-09-02T03:38:07Z] SKIP 未变化 奇优影院.py
[2026-09-02T03:38:07Z] 剥离代理前缀 -> https://raw.githubusercontent.com/FGBLH/EHR663/refs/heads/main/py/奇点影视.py
[2026-09-02T03:38:08Z] SKIP 未变化 奇点影视.py
[2026-09-02T03:38:08Z] 剥离代理前缀 -> https://raw.githubusercontent.com/FGBLH/EHR663/refs/heads/main/py/奈非工厂.py
[2026-09-02T03:38:08Z] SKIP 未变化 奈非工厂.py
[2026-09-02T03:38:08Z] 剥离代理前缀 -> https://raw.githubusercontent.com/FGBLH/EHR663/refs/heads/main/py/好剧屋.py
[2026-09-02T03:38:08Z] SKIP 未变化 好剧屋.py
[2026-09-02T03:38:08Z] 剥离代理前缀 -> https://raw.githubusercontent.com/FGBLH/EHR663/refs/heads/main/py/威视TV.py
[2026-09-02T03:38:08Z] SKIP 未变化 威视TV.py
[2026-09-02T03:38:08Z] 剥离代理前缀 -> https://raw.githubusercontent.com/FGBLH/EHR663/refs/heads/main/py/悟圣短剧.py
[2026-09-02T03:38:08Z] SKIP 未变化 悟圣短剧.py
[2026-09-02T03:38:08Z] 剥离代理前缀 -> https://raw.githubusercontent.com/FGBLH/EHR663/refs/heads/main/py/悟空影视.py
[2026-09-02T03:38:08Z] SKIP 未变化 悟空影视.py
[2026-09-02T03:38:08Z] 剥离代理前缀 -> https://raw.githubusercontent.com/FGBLH/EHR663/refs/heads/main/py/悦听吧.py
[2026-09-02T03:38:09Z] SKIP 未变化 悦听吧.py
[2026-09-02T03:38:09Z] 剥离代理前缀 -> https://raw.githubusercontent.com/FGBLH/EHR663/refs/heads/main/py/星河影视.py
[2026-09-02T03:38:09Z] SKIP 未变化 星河影视.py
[2026-09-02T03:38:09Z] 剥离代理前缀 -> https://raw.githubusercontent.com/FGBLH/EHR663/refs/heads/main/py/星芽短剧.py
[2026-09-02T03:38:09Z] SKIP 未变化 星芽短剧.py
[2026-09-02T03:38:09Z] 剥离代理前缀 -> https://raw.githubusercontent.com/FGBLH/EHR663/refs/heads/main/py/星辰影院.py
[2026-09-02T03:38:09Z] SKIP 未变化 星辰影院.py
[2026-09-02T03:38:09Z] 剥离代理前缀 -> https://raw.githubusercontent.com/FGBLH/EHR663/refs/heads/main/py/映像星球.py
[2026-09-02T03:38:09Z] SKIP 未变化 映像星球.py
[2026-09-02T03:38:09Z] 剥离代理前缀 -> https://raw.githubusercontent.com/FGBLH/EHR663/refs/heads/main/py/枝枝影视.py
[2026-09-02T03:38:10Z] SKIP 未变化 枝枝影视.py
[2026-09-02T03:38:10Z] 剥离代理前缀 -> https://raw.githubusercontent.com/FGBLH/EHR663/refs/heads/main/py/枫叶4K.py
[2026-09-02T03:38:10Z] SKIP 未变化 枫叶4K.py
[2026-09-02T03:38:10Z] 剥离代理前缀 -> https://raw.githubusercontent.com/FGBLH/EHR663/refs/heads/main/py/枫叶音乐.py
[2026-09-02T03:38:10Z] SKIP 未变化 枫叶音乐.py
[2026-09-02T03:38:10Z] 剥离代理前缀 -> https://raw.githubusercontent.com/FGBLH/EHR663/refs/heads/main/py/柯南影视.py
[2026-09-02T03:38:10Z] SKIP 未变化 柯南影视.py
[2026-09-02T03:38:10Z] 剥离代理前缀 -> https://raw.githubusercontent.com/FGBLH/EHR663/refs/heads/main/py/毒舌影视.py
[2026-09-02T03:38:10Z] SKIP 未变化 毒舌影视.py
[2026-09-02T03:38:10Z] 剥离代理前缀 -> https://raw.githubusercontent.com/FGBLH/EHR663/refs/heads/main/py/永乐视频.py
[2026-09-02T03:38:11Z] OK 永乐视频.py (10012 字节)
[2026-09-02T03:38:11Z] 剥离代理前缀 -> https://raw.githubusercontent.com/FGBLH/EHR663/refs/heads/main/py/河马剧场.py
[2026-09-02T03:38:11Z] SKIP 未变化 河马剧场.py
[2026-09-02T03:38:11Z] 剥离代理前缀 -> https://raw.githubusercontent.com/FGBLH/EHR663/refs/heads/main/py/油管.py
[2026-09-02T03:38:11Z] SKIP 未变化 油管.py
[2026-09-02T03:38:11Z] 剥离代理前缀 -> https://raw.githubusercontent.com/FGBLH/EHR663/refs/heads/main/py/油管直播.py
[2026-09-02T03:38:11Z] SKIP 未变化 油管直播.py
[2026-09-02T03:38:11Z] 剥离代理前缀 -> https://raw.githubusercontent.com/FGBLH/EHR663/refs/heads/main/py/泥视频.py
[2026-09-02T03:38:11Z] SKIP 未变化 泥视频.py
[2026-09-02T03:38:11Z] 剥离代理前缀 -> https://raw.githubusercontent.com/FGBLH/EHR663/refs/heads/main/py/热播APP.py
[2026-09-02T03:38:11Z] SKIP 未变化 热播APP.py
[2026-09-02T03:38:11Z] 剥离代理前缀 -> https://raw.githubusercontent.com/FGBLH/EHR663/refs/heads/main/py/熊猫直播.py
[2026-09-02T03:38:12Z] SKIP 未变化 熊猫直播.py
[2026-09-02T03:38:12Z] 剥离代理前缀 -> https://raw.githubusercontent.com/FGBLH/EHR663/refs/heads/main/py/爱壹帆.py
[2026-09-02T03:38:12Z] SKIP 未变化 爱壹帆.py
[2026-09-02T03:38:12Z] 剥离代理前缀 -> https://raw.githubusercontent.com/FGBLH/EHR663/refs/heads/main/py/爱看机器人.py
[2026-09-02T03:38:12Z] SKIP 未变化 爱看机器人.py
[2026-09-02T03:38:12Z] 剥离代理前缀 -> https://raw.githubusercontent.com/FGBLH/EHR663/refs/heads/main/py/瓜子APP.py
[2026-09-02T03:38:12Z] SKIP 未变化 瓜子APP.py
[2026-09-02T03:38:12Z] 剥离代理前缀 -> https://raw.githubusercontent.com/FGBLH/EHR663/refs/heads/main/py/皮皮虾.py
[2026-09-02T03:38:12Z] SKIP 未变化 皮皮虾.py
[2026-09-02T03:38:12Z] 剥离代理前缀 -> https://raw.githubusercontent.com/FGBLH/EHR663/refs/heads/main/py/真狼影视.py
[2026-09-02T03:38:12Z] SKIP 未变化 真狼影视.py
[2026-09-02T03:38:12Z] 剥离代理前缀 -> https://raw.githubusercontent.com/FGBLH/EHR663/refs/heads/main/py/短剧巴士.py
[2026-09-02T03:38:12Z] SKIP 未变化 短剧巴士.py
[2026-09-02T03:38:12Z] 剥离代理前缀 -> https://raw.githubusercontent.com/FGBLH/EHR663/refs/heads/main/py/短剧聚合.py
[2026-09-02T03:38:13Z] SKIP 未变化 短剧聚合.py
[2026-09-02T03:38:13Z] 剥离代理前缀 -> https://raw.githubusercontent.com/FGBLH/EHR663/refs/heads/main/py/神马影视.py
[2026-09-02T03:38:13Z] SKIP 未变化 神马影视.py
[2026-09-02T03:38:13Z] 剥离代理前缀 -> https://raw.githubusercontent.com/FGBLH/EHR663/refs/heads/main/py/糯米短剧.py
[2026-09-02T03:38:13Z] SKIP 未变化 糯米短剧.py
[2026-09-02T03:38:13Z] 剥离代理前缀 -> https://raw.githubusercontent.com/FGBLH/EHR663/refs/heads/main/py/网飞TV.py
[2026-09-02T03:38:13Z] SKIP 未变化 网飞TV.py
[2026-09-02T03:38:13Z] 剥离代理前缀 -> https://raw.githubusercontent.com/FGBLH/EHR663/refs/heads/main/py/美剧天堂.py
[2026-09-02T03:38:13Z] SKIP 未变化 美剧天堂.py
[2026-09-02T03:38:13Z] 剥离代理前缀 -> https://raw.githubusercontent.com/FGBLH/EHR663/refs/heads/main/py/聚合直播.py
[2026-09-02T03:38:13Z] SKIP 未变化 聚合直播.py
[2026-09-02T03:38:13Z] 剥离代理前缀 -> https://raw.githubusercontent.com/FGBLH/EHR663/refs/heads/main/py/腾讯视频.py
[2026-09-02T03:38:14Z] SKIP 未变化 腾讯视频.py
[2026-09-02T03:38:14Z] 剥离代理前缀 -> https://raw.githubusercontent.com/FGBLH/EHR663/refs/heads/main/py/芒果TV.py
[2026-09-02T03:38:14Z] SKIP 未变化 芒果TV.py
[2026-09-02T03:38:14Z] 剥离代理前缀 -> https://raw.githubusercontent.com/FGBLH/EHR663/refs/heads/main/py/茶杯狐.py
[2026-09-02T03:38:14Z] SKIP 未变化 茶杯狐.py
[2026-09-02T03:38:14Z] 剥离代理前缀 -> https://raw.githubusercontent.com/FGBLH/EHR663/refs/heads/main/py/蛋挞TV.py
[2026-09-02T03:38:14Z] SKIP 未变化 蛋挞TV.py
[2026-09-02T03:38:14Z] 剥离代理前缀 -> https://raw.githubusercontent.com/FGBLH/EHR663/refs/heads/main/py/蝶卡影视.py
[2026-09-02T03:38:14Z] SKIP 未变化 蝶卡影视.py
[2026-09-02T03:38:14Z] 剥离代理前缀 -> https://raw.githubusercontent.com/FGBLH/EHR663/refs/heads/main/py/袋鼠影视.py
[2026-09-02T03:38:14Z] SKIP 未变化 袋鼠影视.py
[2026-09-02T03:38:14Z] 剥离代理前缀 -> https://raw.githubusercontent.com/FGBLH/EHR663/refs/heads/main/py/观风影视.py
[2026-09-02T03:38:15Z] SKIP 未变化 观风影视.py
[2026-09-02T03:38:15Z] 剥离代理前缀 -> https://raw.githubusercontent.com/FGBLH/EHR663/refs/heads/main/py/视觉影院.py
[2026-09-02T03:38:15Z] SKIP 未变化 视觉影院.py
[2026-09-02T03:38:15Z] 剥离代理前缀 -> https://raw.githubusercontent.com/FGBLH/EHR663/refs/heads/main/py/豆花影视.py
[2026-09-02T03:38:15Z] SKIP 未变化 豆花影视.py
[2026-09-02T03:38:15Z] 剥离代理前缀 -> https://raw.githubusercontent.com/FGBLH/EHR663/refs/heads/main/py/追光影视.py
[2026-09-02T03:38:15Z] SKIP 未变化 追光影视.py
[2026-09-02T03:38:15Z] 剥离代理前缀 -> https://raw.githubusercontent.com/FGBLH/EHR663/refs/heads/main/py/追影.py
[2026-09-02T03:38:15Z] SKIP 未变化 追影.py
[2026-09-02T03:38:15Z] 剥离代理前缀 -> https://raw.githubusercontent.com/FGBLH/EHR663/refs/heads/main/py/酷我音乐.py
[2026-09-02T03:38:15Z] SKIP 未变化 酷我音乐.py
[2026-09-02T03:38:15Z] 剥离代理前缀 -> https://raw.githubusercontent.com/FGBLH/EHR663/refs/heads/main/py/采集聚合.py
[2026-09-02T03:38:15Z] SKIP 未变化 采集聚合.py
[2026-09-02T03:38:15Z] 剥离代理前缀 -> https://raw.githubusercontent.com/FGBLH/EHR663/refs/heads/main/py/金牌APP.py
[2026-09-02T03:38:16Z] SKIP 未变化 金牌APP.py
[2026-09-02T03:38:16Z] 剥离代理前缀 -> https://raw.githubusercontent.com/FGBLH/EHR663/refs/heads/main/py/韩小圈.py
[2026-09-02T03:38:16Z] SKIP 未变化 韩小圈.py
[2026-09-02T03:38:16Z] 剥离代理前缀 -> https://raw.githubusercontent.com/FGBLH/EHR663/refs/heads/main/py/骚火影视.py
[2026-09-02T03:38:16Z] SKIP 未变化 骚火影视.py
[2026-09-02T03:38:16Z] 剥离代理前缀 -> https://raw.githubusercontent.com/FGBLH/EHR663/refs/heads/main/py/麒麟影视.py
[2026-09-02T03:38:16Z] SKIP 未变化 麒麟影视.py
[2026-09-02T03:38:16Z] 剥离代理前缀 -> https://raw.githubusercontent.com/FGBLH/EHR663/refs/heads/main/py/麦田影院.py
[2026-09-02T03:38:16Z] SKIP 未变化 麦田影院.py
[2026-09-02T03:38:16Z] 剥离代理前缀 -> https://raw.githubusercontent.com/FGBLH/EHR663/refs/heads/main/py/麻花影视.py
[2026-09-02T03:38:16Z] SKIP 未变化 麻花影视.py
[2026-09-02T03:38:16Z] 剥离代理前缀 -> https://raw.githubusercontent.com/IY-CPU/IY/main/lib/drpy2.min.js
[2026-09-02T03:38:17Z] SKIP 未变化 drpy2.min.js
[2026-09-02T03:38:17Z] 剥离代理前缀 -> https://raw.githubusercontent.com/develop202/migu_video/refs/heads/main/interface.txt
[2026-09-02T03:38:17Z] SKIP 已处理 https://raw.githubusercontent.com/develop202/migu_video/refs/heads/main/interface.txt
[2026-09-02T03:38:17Z] 剥离代理前缀 -> https://raw.githubusercontent.com/phu889/kjh998/FGBLH/EHR663/refs/heads/main/jar_js/央视直播.js
[2026-09-02T03:38:19Z]   重试 1 失败: HTTP Error 404: Not Found
[2026-09-02T03:38:23Z]   重试 2 失败: HTTP Error 404: Not Found
[2026-09-02T03:38:29Z]   重试 3 失败: HTTP Error 404: Not Found
[2026-09-02T03:38:29Z] FAIL 子链接 https://ghfast.top/https://raw.githubusercontent.com/phu889/kjh998/FGBLH/EHR663/refs/heads/main/jar_js/央视直播.js -> HTTP Error 404: Not Found
[2026-09-02T03:38:29Z] 剥离代理前缀 -> https://raw.githubusercontent.com/phu889/kjh998/refs/heads/main/jar_js/Music1.json
[2026-09-02T03:38:29Z] SKIP 未变化 Music1.json
[2026-09-02T03:38:29Z] 剥离代理前缀 -> https://raw.githubusercontent.com/phu889/kjh998/refs/heads/main/jar_js/开心影院.js
[2026-09-02T03:38:29Z] SKIP 未变化 开心影院.js
[2026-09-02T03:38:29Z] 剥离代理前缀 -> https://raw.githubusercontent.com/phu889/kjh998/refs/heads/main/jar_js/拾光影视.js
[2026-09-02T03:38:29Z] SKIP 未变化 拾光影视.js
[2026-09-02T03:38:29Z] 剥离代理前缀 -> https://raw.githubusercontent.com/phu889/kjh998/refs/heads/main/jar_js/枫叶影院.js
[2026-09-02T03:38:30Z] SKIP 未变化 枫叶影院.js
[2026-09-02T03:38:30Z] 剥离代理前缀 -> https://raw.githubusercontent.com/phu889/kjh998/refs/heads/main/jar_js/片库.js
[2026-09-02T03:38:30Z] SKIP 未变化 片库.js
[2026-09-02T03:38:30Z] 剥离代理前缀 -> https://raw.githubusercontent.com/phu889/kjh998/refs/heads/main/jar_js/百度短剧.js
[2026-09-02T03:38:30Z] SKIP 未变化 百度短剧.js
[2026-09-02T03:38:30Z] 剥离代理前缀 -> https://raw.githubusercontent.com/phu889/kjh998/refs/heads/main/jar_js/腾爱优b站.js
[2026-09-02T03:38:30Z] SKIP 未变化 腾爱优b站.js
[2026-09-02T03:38:30Z] 剥离代理前缀 -> https://raw.githubusercontent.com/phu889/kjh998/refs/heads/main/jar_js/西瓜影视.js
[2026-09-02T03:38:30Z] SKIP 未变化 西瓜影视.js
[2026-09-02T03:38:30Z] 剥离代理前缀 -> https://raw.githubusercontent.com/phu889/kjh998/refs/heads/main/py/云途影视.py
[2026-09-02T03:38:30Z] SKIP 未变化 云途影视.py
[2026-09-02T03:38:30Z] 剥离代理前缀 -> https://raw.githubusercontent.com/phu889/kjh998/refs/heads/main/py/君念影院.py
[2026-09-02T03:38:31Z] SKIP 未变化 君念影院.py
[2026-09-02T03:38:31Z] 剥离代理前缀 -> https://raw.githubusercontent.com/phu889/kjh998/refs/heads/main/py/在线短剧.py
[2026-09-02T03:38:31Z] SKIP 未变化 在线短剧.py
[2026-09-02T03:38:31Z] 剥离代理前缀 -> https://raw.githubusercontent.com/phu889/kjh998/refs/heads/main/py/夏日影院.py
[2026-09-02T03:38:31Z] SKIP 未变化 夏日影院.py
[2026-09-02T03:38:31Z] 剥离代理前缀 -> https://raw.githubusercontent.com/phu889/kjh998/refs/heads/main/py/永乐视频.py
[2026-09-02T03:38:31Z] OK 永乐视频.py (22682 字节)
[2026-09-02T03:38:31Z] 剥离代理前缀 -> https://raw.githubusercontent.com/phu889/kjh998/refs/heads/main/py/石榴短剧.py
[2026-09-02T03:38:32Z] SKIP 未变化 石榴短剧.py
[2026-09-02T03:38:35Z]   重试 1 失败: HTTP Error 423: Locked
[2026-09-02T03:38:41Z]   重试 2 失败: HTTP Error 423: Locked
[2026-09-02T03:38:49Z]   重试 3 失败: HTTP Error 423: Locked
[2026-09-02T03:38:50Z] FAIL 子链接 https://gitee.com/wmmoliill/wimg/raw/master/img/bk/9.txt -> HTTP Error 423: Locked
[2026-09-02T03:38:52Z]   重试 1 失败: <urlopen error [Errno -2] Name or service not known>
[2026-09-02T03:38:57Z]   重试 2 失败: <urlopen error [Errno -2] Name or service not known>
[2026-09-02T03:39:03Z]   重试 3 失败: <urlopen error [Errno -2] Name or service not known>
[2026-09-02T03:39:03Z] FAIL 子链接 https://iptv.yang-1989.eu.org/m3u/Gather.m3u -> <urlopen error [Errno -2] Name or service not known>
[2026-09-02T03:39:03Z] SKIP 未变化 config
[2026-09-02T03:39:05Z] OK live.m3u (403707 字节)
[2026-09-02T03:39:06Z] SKIP 未变化 maotouyinghb.txt
[2026-09-02T03:39:09Z]   重试 1 失败: HTTP Error 404: Not Found
[2026-09-02T03:39:13Z]   重试 2 失败: HTTP Error 404: Not Found
[2026-09-02T03:39:19Z]   重试 3 失败: HTTP Error 404: Not Found
[2026-09-02T03:39:20Z] FAIL 子链接 https://nm.xxxc137.top/static/player/artplayer.html?url= -> HTTP Error 404: Not Found
[2026-09-02T03:39:22Z]   重试 1 失败: HTTP Error 403: Forbidden
[2026-09-02T03:39:26Z]   重试 2 失败: HTTP Error 403: Forbidden
[2026-09-02T03:39:32Z]   重试 3 失败: HTTP Error 403: Forbidden
[2026-09-02T03:39:32Z] FAIL 子链接 https://php.946985.filegear-sg.me/jackTV.m3u -> HTTP Error 403: Forbidden
[2026-09-02T03:39:33Z] SKIP 未变化 result.m3u
[2026-09-02T03:39:33Z] OK all_merged.m3u (422058 字节)
[2026-09-02T03:39:34Z] OK bililive.m3u (71950 字节)
[2026-09-02T03:39:35Z] OK huyayqk.m3u (199050 字节)
[2026-09-02T03:39:35Z] OK yylunbo.m3u (721 字节)
[2026-09-02T03:39:55Z] SKIP 未变化 playlist_all.txt
[2026-09-02T03:39:59Z] SKIP 未变化 az5.txt
[2026-09-02T03:40:01Z] SKIP 未变化 nostr.html
[2026-09-02T03:40:33Z]   重试 1 失败: <urlopen error timed out>
[2026-09-02T03:41:07Z]   重试 2 失败: <urlopen error timed out>
[2026-09-02T03:41:43Z]   重试 3 失败: <urlopen error timed out>
[2026-09-02T03:42:14Z] FAIL 子链接 https://www.985pan.com/down.php/bf5e9607ff407fcdd71f63928ea5bc79.txt -> <urlopen error timed out>
[2026-09-02T03:42:15Z] SKIP 未变化 xly.txt
[2026-09-02T03:42:15Z] SKIP 重复内容 app_xpg_android.txt
[2026-09-02T03:42:16Z] REPO FGBLH/EHR663 发现 149 个核心文件
[2026-09-02T03:42:17Z] SKIP 重复内容 FGBLH__EHR663/4gtv.txt
[2026-09-02T03:42:17Z] SKIP 未变化 FGBLH__EHR663/音源.json
[2026-09-02T03:42:17Z] SKIP 重复内容 FGBLH__EHR663/Nettv.txt
[2026-09-02T03:42:17Z] SKIP 未变化 FGBLH__EHR663/README.md
[2026-09-02T03:42:17Z] 已自动解密 https://raw.githubusercontent.com/FGBLH/EHR663/main/Web%E9%B1%BC%E5%A3%B3%E6%B5%B7%E8%B1%9A%E5%B8%B8%E8%A7%8423
[2026-09-02T03:42:17Z] SKIP 重复内容 FGBLH__EHR663/Web鱼壳海豚常规23.json
[2026-09-02T03:42:17Z] 已自动解密 https://raw.githubusercontent.com/FGBLH/EHR663/main/ok%E6%B5%B7%E8%B1%9A%E5%B8%B8%E8%A7%8422
[2026-09-02T03:42:17Z] SKIP 未变化 FGBLH__EHR663/ok海豚常规22.json
[2026-09-02T03:42:17Z] 解密配置中发现 140 个子链接，继续采集...
[2026-09-02T03:42:17Z] SKIP 已处理 http://4gtv.cnlive.club/4gtv.m3u
[2026-09-02T03:42:17Z] SKIP 已处理 http://82.156.243.185:33389/fwc.m3u
[2026-09-02T03:42:17Z] SKIP 已处理 http://ge.html-5.me//ii/%E9%BB%84%E8%9A%82%E8%9A%81%E5%85%88%E9%94%8B%E6%8E%A8%E6%B5%81%E6%BA%90.txt
[2026-09-02T03:42:17Z] SKIP 已处理 http://iptv.4666888.xyz/FYTV.txt
[2026-09-02T03:42:17Z] SKIP 已处理 http://tv123.vvvv.ee/tv.m3u
[2026-09-02T03:42:17Z] SKIP 已处理 http://www.52top.com.cn:678/downloads/migu.txt
[2026-09-02T03:42:17Z] SKIP 已处理 http://xtvantsc.xyz/4gtv.txt
[2026-09-02T03:42:17Z] SKIP 已处理 http://xtvantsc.xyz/%E6%96%B0%E5%8A%A0%E5%9D%A1.m3u
[2026-09-02T03:42:17Z] SKIP 已处理 https://cdn.qd.je/live.m3u
[2026-09-02T03:42:17Z] SKIP 已处理 https://cdn.waimaimingtang.com/file/images/bwc/20251023002031-6064033c16.js
[2026-09-02T03:42:17Z] SKIP 已处理 https://cdn.waimaimingtang.com/file/images/bwc/20251023002108-a4795930ec.js
[2026-09-02T03:42:17Z] SKIP 已处理 https://cdn.waimaimingtang.com/file/images/bwc/20251023002144-0e40887294.js
[2026-09-02T03:42:17Z] SKIP 已处理 https://cdn.waimaimingtang.com/file/images/bwc/20251023002200-507c3e8aae.js
[2026-09-02T03:42:17Z] SKIP 已处理 https://d.kstore.dev/download/9565/%E5%B0%8F%E6%96%B0TV.txt
[2026-09-02T03:42:17Z] SKIP 已处理 https://epg.pw/test_channels_taiwan.m3u
[2026-09-02T03:42:17Z] SKIP 已处理 https://file.icve.com.cn/file_doc/249/899/3E7E0C8A023B624CEC6BDCC200F06F02.js
[2026-09-02T03:42:17Z] SKIP 已处理 https://files.catbox.moe/h3mb5a.txt
[2026-09-02T03:42:17Z] SKIP 已处理 https://gh-proxy.org/https%3A//github.com/bang359/dsj/raw/main/dsjcs.txt
[2026-09-02T03:42:17Z] 剥离代理前缀 -> https://raw.githubusercontent.com/807080747/zv/refs/heads/main/sese.txt
[2026-09-02T03:42:17Z] SKIP 已处理 https://raw.githubusercontent.com/807080747/zv/refs/heads/main/sese.txt
[2026-09-02T03:42:17Z] 剥离代理前缀 -> https://raw.githubusercontent.com/Jsnzkpg/Jsnzkpg/Jsnzkpg/Jsnzkpg1.m3u
[2026-09-02T03:42:17Z] SKIP 已处理 https://raw.githubusercontent.com/Jsnzkpg/Jsnzkpg/Jsnzkpg/Jsnzkpg1.m3u
[2026-09-02T03:42:17Z] 剥离代理前缀 -> https://raw.githubusercontent.com/wujiangliu/live-sources/refs/heads/main/%E5%85%A8%E7%90%83%E7%9B%B4%E6%92%AD.m3u
[2026-09-02T03:42:17Z] SKIP 已处理 https://raw.githubusercontent.com/wujiangliu/live-sources/refs/heads/main/%E5%85%A8%E7%90%83%E7%9B%B4%E6%92%AD.m3u
[2026-09-02T03:42:17Z] 剥离代理前缀 -> https://raw.githubusercontent.com/wujiangliu/live-sources/refs/heads/main/bhmb.m3u
[2026-09-02T03:42:17Z] SKIP 已处理 https://raw.githubusercontent.com/wujiangliu/live-sources/refs/heads/main/bhmb.m3u
[2026-09-02T03:42:17Z] 剥离代理前缀 -> https://raw.githubusercontent.com/FGBLH/EHR663/refs/heads/main/4gtv.txt
[2026-09-02T03:42:17Z] SKIP 已处理 https://raw.githubusercontent.com/FGBLH/EHR663/refs/heads/main/4gtv.txt
[2026-09-02T03:42:17Z] 剥离代理前缀 -> https://raw.githubusercontent.com/FGBLH/EHR663/refs/heads/main/Nettv.txt
[2026-09-02T03:42:17Z] SKIP 已处理 https://raw.githubusercontent.com/FGBLH/EHR663/refs/heads/main/Nettv.txt
[2026-09-02T03:42:17Z] 剥离代理前缀 -> https://raw.githubusercontent.com/FGBLH/EHR663/refs/heads/main/py/275听书.py
[2026-09-02T03:42:17Z] SKIP 已处理 https://raw.githubusercontent.com/FGBLH/EHR663/refs/heads/main/py/275%E5%90%AC%E4%B9%A6.py
[2026-09-02T03:42:17Z] 剥离代理前缀 -> https://raw.githubusercontent.com/FGBLH/EHR663/refs/heads/main/py/456电影网.py
[2026-09-02T03:42:17Z] SKIP 已处理 https://raw.githubusercontent.com/FGBLH/EHR663/refs/heads/main/py/456%E7%94%B5%E5%BD%B1%E7%BD%91.py
[2026-09-02T03:42:17Z] 剥离代理前缀 -> https://raw.githubusercontent.com/FGBLH/EHR663/refs/heads/main/py/4K影视.py
[2026-09-02T03:42:17Z] SKIP 已处理 https://raw.githubusercontent.com/FGBLH/EHR663/refs/heads/main/py/4K%E5%BD%B1%E8%A7%86.py
[2026-09-02T03:42:17Z] 剥离代理前缀 -> https://raw.githubusercontent.com/FGBLH/EHR663/refs/heads/main/py/58影视.py
[2026-09-02T03:42:17Z] SKIP 已处理 https://raw.githubusercontent.com/FGBLH/EHR663/refs/heads/main/py/58%E5%BD%B1%E8%A7%86.py
[2026-09-02T03:42:17Z] 剥离代理前缀 -> https://raw.githubusercontent.com/FGBLH/EHR663/refs/heads/main/py/808影院.py
[2026-09-02T03:42:17Z] SKIP 已处理 https://raw.githubusercontent.com/FGBLH/EHR663/refs/heads/main/py/808%E5%BD%B1%E9%99%A2.py
[2026-09-02T03:42:17Z] 剥离代理前缀 -> https://raw.githubusercontent.com/FGBLH/EHR663/refs/heads/main/py/DJ呦呦.py
[2026-09-02T03:42:17Z] SKIP 已处理 https://raw.githubusercontent.com/FGBLH/EHR663/refs/heads/main/py/DJ%E5%91%A6%E5%91%A6.py
[2026-09-02T03:42:17Z] 剥离代理前缀 -> https://raw.githubusercontent.com/FGBLH/EHR663/refs/heads/main/py/FreeOK.py
[2026-09-02T03:42:17Z] SKIP 已处理 https://raw.githubusercontent.com/FGBLH/EHR663/refs/heads/main/py/FreeOK.py
[2026-09-02T03:42:17Z] 剥离代理前缀 -> https://raw.githubusercontent.com/FGBLH/EHR663/refs/heads/main/py/MiFun动漫.py
[2026-09-02T03:42:17Z] SKIP 已处理 https://raw.githubusercontent.com/FGBLH/EHR663/refs/heads/main/py/MiFun%E5%8A%A8%E6%BC%AB.py
[2026-09-02T03:42:17Z] 剥离代理前缀 -> https://raw.githubusercontent.com/FGBLH/EHR663/refs/heads/main/py/七味.py
[2026-09-02T03:42:17Z] SKIP 已处理 https://raw.githubusercontent.com/FGBLH/EHR663/refs/heads/main/py/%E4%B8%83%E5%91%B3.py
[2026-09-02T03:42:17Z] 剥离代理前缀 -> https://raw.githubusercontent.com/FGBLH/EHR663/refs/heads/main/py/七猫影视.py
[2026-09-02T03:42:17Z] SKIP 已处理 https://raw.githubusercontent.com/FGBLH/EHR663/refs/heads/main/py/%E4%B8%83%E7%8C%AB%E5%BD%B1%E8%A7%86.py
[2026-09-02T03:42:17Z] 剥离代理前缀 -> https://raw.githubusercontent.com/FGBLH/EHR663/refs/heads/main/py/优酷视频.py
[2026-09-02T03:42:17Z] SKIP 已处理 https://raw.githubusercontent.com/FGBLH/EHR663/refs/heads/main/py/%E4%BC%98%E9%85%B7%E8%A7%86%E9%A2%91.py
[2026-09-02T03:42:17Z] 剥离代理前缀 -> https://raw.githubusercontent.com/FGBLH/EHR663/refs/heads/main/py/低端影视.py
[2026-09-02T03:42:17Z] SKIP 已处理 https://raw.githubusercontent.com/FGBLH/EHR663/refs/heads/main/py/%E4%BD%8E%E7%AB%AF%E5%BD%B1%E8%A7%86.py
[2026-09-02T03:42:17Z] 剥离代理前缀 -> https://raw.githubusercontent.com/FGBLH/EHR663/refs/heads/main/py/兄弟影视.py
[2026-09-02T03:42:17Z] SKIP 已处理 https://raw.githubusercontent.com/FGBLH/EHR663/refs/heads/main/py/%E5%85%84%E5%BC%9F%E5%BD%B1%E8%A7%86.py
[2026-09-02T03:42:17Z] 剥离代理前缀 -> https://raw.githubusercontent.com/FGBLH/EHR663/refs/heads/main/py/八天电影.py
[2026-09-02T03:42:17Z] SKIP 已处理 https://raw.githubusercontent.com/FGBLH/EHR663/refs/heads/main/py/%E5%85%AB%E5%A4%A9%E7%94%B5%E5%BD%B1.py
[2026-09-02T03:42:17Z] 剥离代理前缀 -> https://raw.githubusercontent.com/FGBLH/EHR663/refs/heads/main/py/共青春影院.py
[2026-09-02T03:42:17Z] SKIP 已处理 https://raw.githubusercontent.com/FGBLH/EHR663/refs/heads/main/py/%E5%85%B1%E9%9D%92%E6%98%A5%E5%BD%B1%E9%99%A2.py
[2026-09-02T03:42:17Z] 剥离代理前缀 -> https://raw.githubusercontent.com/FGBLH/EHR663/refs/heads/main/py/农民影视.py
[2026-09-02T03:42:17Z] SKIP 已处理 https://raw.githubusercontent.com/FGBLH/EHR663/refs/heads/main/py/%E5%86%9C%E6%B0%91%E5%BD%B1%E8%A7%86.py
[2026-09-02T03:42:17Z] 剥离代理前缀 -> https://raw.githubusercontent.com/FGBLH/EHR663/refs/heads/main/py/初见影视.py
[2026-09-02T03:42:17Z] SKIP 已处理 https://raw.githubusercontent.com/FGBLH/EHR663/refs/heads/main/py/%E5%88%9D%E8%A7%81%E5%BD%B1%E8%A7%86.py
[2026-09-02T03:42:17Z] 剥离代理前缀 -> https://raw.githubusercontent.com/FGBLH/EHR663/refs/heads/main/py/剧OK.py
[2026-09-02T03:42:17Z] SKIP 已处理 https://raw.githubusercontent.com/FGBLH/EHR663/refs/heads/main/py/%E5%89%A7OK.py
[2026-09-02T03:42:17Z] 剥离代理前缀 -> https://raw.githubusercontent.com/FGBLH/EHR663/refs/heads/main/py/动漫啦.py
[2026-09-02T03:42:17Z] SKIP 已处理 https://raw.githubusercontent.com/FGBLH/EHR663/refs/heads/main/py/%E5%8A%A8%E6%BC%AB%E5%95%A6.py
[2026-09-02T03:42:17Z] 剥离代理前缀 -> https://raw.githubusercontent.com/FGBLH/EHR663/refs/heads/main/py/动漫巴士.py
[2026-09-02T03:42:17Z] SKIP 已处理 https://raw.githubusercontent.com/FGBLH/EHR663/refs/heads/main/py/%E5%8A%A8%E6%BC%AB%E5%B7%B4%E5%A3%AB.py
[2026-09-02T03:42:17Z] 剥离代理前缀 -> https://raw.githubusercontent.com/FGBLH/EHR663/refs/heads/main/py/努努影院.py
[2026-09-02T03:42:17Z] SKIP 已处理 https://raw.githubusercontent.com/FGBLH/EHR663/refs/heads/main/py/%E5%8A%AA%E5%8A%AA%E5%BD%B1%E9%99%A2.py
[2026-09-02T03:42:17Z] 剥离代理前缀 -> https://raw.githubusercontent.com/FGBLH/EHR663/refs/heads/main/py/千千影视.py
[2026-09-02T03:42:18Z] SKIP 未变化 FGBLH__EHR663/千千影视.py
[2026-09-02T03:42:18Z] 剥离代理前缀 -> https://raw.githubusercontent.com/FGBLH/EHR663/refs/heads/main/py/华数TV.py
[2026-09-02T03:42:18Z] SKIP 已处理 https://raw.githubusercontent.com/FGBLH/EHR663/refs/heads/main/py/%E5%8D%8E%E6%95%B0TV.py
[2026-09-02T03:42:18Z] 剥离代理前缀 -> https://raw.githubusercontent.com/FGBLH/EHR663/refs/heads/main/py/厂长影视.py
[2026-09-02T03:42:18Z] SKIP 已处理 https://raw.githubusercontent.com/FGBLH/EHR663/refs/heads/main/py/%E5%8E%82%E9%95%BF%E5%BD%B1%E8%A7%86.py
[2026-09-02T03:42:18Z] 剥离代理前缀 -> https://raw.githubusercontent.com/FGBLH/EHR663/refs/heads/main/py/可可影视.py
[2026-09-02T03:42:18Z] SKIP 已处理 https://raw.githubusercontent.com/FGBLH/EHR663/refs/heads/main/py/%E5%8F%AF%E5%8F%AF%E5%BD%B1%E8%A7%86.py
[2026-09-02T03:42:18Z] 剥离代理前缀 -> https://raw.githubusercontent.com/FGBLH/EHR663/refs/heads/main/py/咖啡直播.py
[2026-09-02T03:42:18Z] SKIP 已处理 https://raw.githubusercontent.com/FGBLH/EHR663/refs/heads/main/py/%E5%92%96%E5%95%A1%E7%9B%B4%E6%92%AD.py
[2026-09-02T03:42:18Z] 剥离代理前缀 -> https://raw.githubusercontent.com/FGBLH/EHR663/refs/heads/main/py/哇哇APP.py
[2026-09-02T03:42:18Z] SKIP 已处理 https://raw.githubusercontent.com/FGBLH/EHR663/refs/heads/main/py/%E5%93%87%E5%93%87APP.py
[2026-09-02T03:42:18Z] 剥离代理前缀 -> https://raw.githubusercontent.com/FGBLH/EHR663/refs/heads/main/py/哔哩直播.py
[2026-09-02T03:42:18Z] SKIP 已处理 https://raw.githubusercontent.com/FGBLH/EHR663/refs/heads/main/py/%E5%93%94%E5%93%A9%E7%9B%B4%E6%92%AD.py
[2026-09-02T03:42:18Z] 剥离代理前缀 -> https://raw.githubusercontent.com/FGBLH/EHR663/refs/heads/main/py/喜福短剧.py
[2026-09-02T03:42:18Z] SKIP 已处理 https://raw.githubusercontent.com/FGBLH/EHR663/refs/heads/main/py/%E5%96%9C%E7%A6%8F%E7%9F%AD%E5%89%A7.py
[2026-09-02T03:42:18Z] 剥离代理前缀 -> https://raw.githubusercontent.com/FGBLH/EHR663/refs/heads/main/py/嘀嗒影视.py
[2026-09-02T03:42:18Z] SKIP 已处理 https://raw.githubusercontent.com/FGBLH/EHR663/refs/heads/main/py/%E5%98%80%E5%97%92%E5%BD%B1%E8%A7%86.py
[2026-09-02T03:42:18Z] 剥离代理前缀 -> https://raw.githubusercontent.com/FGBLH/EHR663/refs/heads/main/py/多瑙影院.py
[2026-09-02T03:42:18Z] SKIP 已处理 https://raw.githubusercontent.com/FGBLH/EHR663/refs/heads/main/py/%E5%A4%9A%E7%91%99%E5%BD%B1%E9%99%A2.py
[2026-09-02T03:42:18Z] 剥离代理前缀 -> https://raw.githubusercontent.com/FGBLH/EHR663/refs/heads/main/py/太乙影视.py
[2026-09-02T03:42:18Z] SKIP 已处理 https://raw.githubusercontent.com/FGBLH/EHR663/refs/heads/main/py/%E5%A4%AA%E4%B9%99%E5%BD%B1%E8%A7%86.py
[2026-09-02T03:42:18Z] 剥离代理前缀 -> https://raw.githubusercontent.com/FGBLH/EHR663/refs/heads/main/py/奇优影院.py
[2026-09-02T03:42:18Z] SKIP 已处理 https://raw.githubusercontent.com/FGBLH/EHR663/refs/heads/main/py/%E5%A5%87%E4%BC%98%E5%BD%B1%E9%99%A2.py
[2026-09-02T03:42:18Z] 剥离代理前缀 -> https://raw.githubusercontent.com/FGBLH/EHR663/refs/heads/main/py/奇点影视.py
[2026-09-02T03:42:18Z] SKIP 已处理 https://raw.githubusercontent.com/FGBLH/EHR663/refs/heads/main/py/%E5%A5%87%E7%82%B9%E5%BD%B1%E8%A7%86.py
[2026-09-02T03:42:18Z] 剥离代理前缀 -> https://raw.githubusercontent.com/FGBLH/EHR663/refs/heads/main/py/奈非工厂.py
[2026-09-02T03:42:18Z] SKIP 已处理 https://raw.githubusercontent.com/FGBLH/EHR663/refs/heads/main/py/%E5%A5%88%E9%9D%9E%E5%B7%A5%E5%8E%82.py
[2026-09-02T03:42:18Z] 剥离代理前缀 -> https://raw.githubusercontent.com/FGBLH/EHR663/refs/heads/main/py/好剧屋.py
[2026-09-02T03:42:18Z] SKIP 已处理 https://raw.githubusercontent.com/FGBLH/EHR663/refs/heads/main/py/%E5%A5%BD%E5%89%A7%E5%B1%8B.py
[2026-09-02T03:42:18Z] 剥离代理前缀 -> https://raw.githubusercontent.com/FGBLH/EHR663/refs/heads/main/py/威视TV.py
[2026-09-02T03:42:18Z] SKIP 已处理 https://raw.githubusercontent.com/FGBLH/EHR663/refs/heads/main/py/%E5%A8%81%E8%A7%86TV.py
[2026-09-02T03:42:18Z] 剥离代理前缀 -> https://raw.githubusercontent.com/FGBLH/EHR663/refs/heads/main/py/悟圣短剧.py
[2026-09-02T03:42:18Z] SKIP 已处理 https://raw.githubusercontent.com/FGBLH/EHR663/refs/heads/main/py/%E6%82%9F%E5%9C%A3%E7%9F%AD%E5%89%A7.py
[2026-09-02T03:42:18Z] 剥离代理前缀 -> https://raw.githubusercontent.com/FGBLH/EHR663/refs/heads/main/py/悟空影视.py
[2026-09-02T03:42:18Z] SKIP 已处理 https://raw.githubusercontent.com/FGBLH/EHR663/refs/heads/main/py/%E6%82%9F%E7%A9%BA%E5%BD%B1%E8%A7%86.py
[2026-09-02T03:42:18Z] 剥离代理前缀 -> https://raw.githubusercontent.com/FGBLH/EHR663/refs/heads/main/py/悦听吧.py
[2026-09-02T03:42:18Z] SKIP 已处理 https://raw.githubusercontent.com/FGBLH/EHR663/refs/heads/main/py/%E6%82%A6%E5%90%AC%E5%90%A7.py
[2026-09-02T03:42:18Z] 剥离代理前缀 -> https://raw.githubusercontent.com/FGBLH/EHR663/refs/heads/main/py/星河影视.py
[2026-09-02T03:42:18Z] SKIP 已处理 https://raw.githubusercontent.com/FGBLH/EHR663/refs/heads/main/py/%E6%98%9F%E6%B2%B3%E5%BD%B1%E8%A7%86.py
[2026-09-02T03:42:18Z] 剥离代理前缀 -> https://raw.githubusercontent.com/FGBLH/EHR663/refs/heads/main/py/星芽短剧.py
[2026-09-02T03:42:18Z] SKIP 已处理 https://raw.githubusercontent.com/FGBLH/EHR663/refs/heads/main/py/%E6%98%9F%E8%8A%BD%E7%9F%AD%E5%89%A7.py
[2026-09-02T03:42:18Z] 剥离代理前缀 -> https://raw.githubusercontent.com/FGBLH/EHR663/refs/heads/main/py/星辰影院.py
[2026-09-02T03:42:18Z] SKIP 已处理 https://raw.githubusercontent.com/FGBLH/EHR663/refs/heads/main/py/%E6%98%9F%E8%BE%B0%E5%BD%B1%E9%99%A2.py
[2026-09-02T03:42:18Z] 剥离代理前缀 -> https://raw.githubusercontent.com/FGBLH/EHR663/refs/heads/main/py/映像星球.py
[2026-09-02T03:42:18Z] SKIP 已处理 https://raw.githubusercontent.com/FGBLH/EHR663/refs/heads/main/py/%E6%98%A0%E5%83%8F%E6%98%9F%E7%90%83.py
[2026-09-02T03:42:18Z] 剥离代理前缀 -> https://raw.githubusercontent.com/FGBLH/EHR663/refs/heads/main/py/枝枝影视.py
[2026-09-02T03:42:18Z] SKIP 已处理 https://raw.githubusercontent.com/FGBLH/EHR663/refs/heads/main/py/%E6%9E%9D%E6%9E%9D%E5%BD%B1%E8%A7%86.py
[2026-09-02T03:42:18Z] 剥离代理前缀 -> https://raw.githubusercontent.com/FGBLH/EHR663/refs/heads/main/py/枫叶4K.py
[2026-09-02T03:42:18Z] SKIP 已处理 https://raw.githubusercontent.com/FGBLH/EHR663/refs/heads/main/py/%E6%9E%AB%E5%8F%B64K.py
[2026-09-02T03:42:18Z] 剥离代理前缀 -> https://raw.githubusercontent.com/FGBLH/EHR663/refs/heads/main/py/枫叶音乐.py
[2026-09-02T03:42:18Z] SKIP 已处理 https://raw.githubusercontent.com/FGBLH/EHR663/refs/heads/main/py/%E6%9E%AB%E5%8F%B6%E9%9F%B3%E4%B9%90.py
[2026-09-02T03:42:18Z] 剥离代理前缀 -> https://raw.githubusercontent.com/FGBLH/EHR663/refs/heads/main/py/柯南影视.py
[2026-09-02T03:42:18Z] SKIP 已处理 https://raw.githubusercontent.com/FGBLH/EHR663/refs/heads/main/py/%E6%9F%AF%E5%8D%97%E5%BD%B1%E8%A7%86.py
[2026-09-02T03:42:18Z] 剥离代理前缀 -> https://raw.githubusercontent.com/FGBLH/EHR663/refs/heads/main/py/毒舌影视.py
[2026-09-02T03:42:18Z] SKIP 已处理 https://raw.githubusercontent.com/FGBLH/EHR663/refs/heads/main/py/%E6%AF%92%E8%88%8C%E5%BD%B1%E8%A7%86.py
[2026-09-02T03:42:18Z] 剥离代理前缀 -> https://raw.githubusercontent.com/FGBLH/EHR663/refs/heads/main/py/永乐视频.py
[2026-09-02T03:42:18Z] SKIP 已处理 https://raw.githubusercontent.com/FGBLH/EHR663/refs/heads/main/py/%E6%B0%B8%E4%B9%90%E8%A7%86%E9%A2%91.py
[2026-09-02T03:42:18Z] 剥离代理前缀 -> https://raw.githubusercontent.com/FGBLH/EHR663/refs/heads/main/py/河马剧场.py
[2026-09-02T03:42:18Z] SKIP 已处理 https://raw.githubusercontent.com/FGBLH/EHR663/refs/heads/main/py/%E6%B2%B3%E9%A9%AC%E5%89%A7%E5%9C%BA.py
[2026-09-02T03:42:18Z] 剥离代理前缀 -> https://raw.githubusercontent.com/FGBLH/EHR663/refs/heads/main/py/油管.py
[2026-09-02T03:42:18Z] SKIP 已处理 https://raw.githubusercontent.com/FGBLH/EHR663/refs/heads/main/py/%E6%B2%B9%E7%AE%A1.py
[2026-09-02T03:42:18Z] 剥离代理前缀 -> https://raw.githubusercontent.com/FGBLH/EHR663/refs/heads/main/py/油管直播.py
[2026-09-02T03:42:18Z] SKIP 已处理 https://raw.githubusercontent.com/FGBLH/EHR663/refs/heads/main/py/%E6%B2%B9%E7%AE%A1%E7%9B%B4%E6%92%AD.py
[2026-09-02T03:42:18Z] 剥离代理前缀 -> https://raw.githubusercontent.com/FGBLH/EHR663/refs/heads/main/py/泥视频.py
[2026-09-02T03:42:18Z] SKIP 已处理 https://raw.githubusercontent.com/FGBLH/EHR663/refs/heads/main/py/%E6%B3%A5%E8%A7%86%E9%A2%91.py
[2026-09-02T03:42:18Z] 剥离代理前缀 -> https://raw.githubusercontent.com/FGBLH/EHR663/refs/heads/main/py/热播APP.py
[2026-09-02T03:42:18Z] SKIP 已处理 https://raw.githubusercontent.com/FGBLH/EHR663/refs/heads/main/py/%E7%83%AD%E6%92%ADAPP.py
[2026-09-02T03:42:18Z] 剥离代理前缀 -> https://raw.githubusercontent.com/FGBLH/EHR663/refs/heads/main/py/熊猫直播.py
[2026-09-02T03:42:18Z] SKIP 已处理 https://raw.githubusercontent.com/FGBLH/EHR663/refs/heads/main/py/%E7%86%8A%E7%8C%AB%E7%9B%B4%E6%92%AD.py
[2026-09-02T03:42:18Z] 剥离代理前缀 -> https://raw.githubusercontent.com/FGBLH/EHR663/refs/heads/main/py/爱壹帆.py
[2026-09-02T03:42:18Z] SKIP 已处理 https://raw.githubusercontent.com/FGBLH/EHR663/refs/heads/main/py/%E7%88%B1%E5%A3%B9%E5%B8%86.py
[2026-09-02T03:42:18Z] 剥离代理前缀 -> https://raw.githubusercontent.com/FGBLH/EHR663/refs/heads/main/py/爱看机器人.py
[2026-09-02T03:42:18Z] SKIP 已处理 https://raw.githubusercontent.com/FGBLH/EHR663/refs/heads/main/py/%E7%88%B1%E7%9C%8B%E6%9C%BA%E5%99%A8%E4%BA%BA.py
[2026-09-02T03:42:18Z] 剥离代理前缀 -> https://raw.githubusercontent.com/FGBLH/EHR663/refs/heads/main/py/瓜子APP.py
[2026-09-02T03:42:18Z] SKIP 已处理 https://raw.githubusercontent.com/FGBLH/EHR663/refs/heads/main/py/%E7%93%9C%E5%AD%90APP.py
[2026-09-02T03:42:18Z] 剥离代理前缀 -> https://raw.githubusercontent.com/FGBLH/EHR663/refs/heads/main/py/皮皮虾.py
[2026-09-02T03:42:18Z] SKIP 已处理 https://raw.githubusercontent.com/FGBLH/EHR663/refs/heads/main/py/%E7%9A%AE%E7%9A%AE%E8%99%BE.py
[2026-09-02T03:42:18Z] 剥离代理前缀 -> https://raw.githubusercontent.com/FGBLH/EHR663/refs/heads/main/py/真狼影视.py
[2026-09-02T03:42:18Z] SKIP 已处理 https://raw.githubusercontent.com/FGBLH/EHR663/refs/heads/main/py/%E7%9C%9F%E7%8B%BC%E5%BD%B1%E8%A7%86.py
[2026-09-02T03:42:18Z] 剥离代理前缀 -> https://raw.githubusercontent.com/FGBLH/EHR663/refs/heads/main/py/短剧巴士.py
[2026-09-02T03:42:18Z] SKIP 已处理 https://raw.githubusercontent.com/FGBLH/EHR663/refs/heads/main/py/%E7%9F%AD%E5%89%A7%E5%B7%B4%E5%A3%AB.py
[2026-09-02T03:42:18Z] 剥离代理前缀 -> https://raw.githubusercontent.com/FGBLH/EHR663/refs/heads/main/py/短剧聚合.py
[2026-09-02T03:42:18Z] SKIP 已处理 https://raw.githubusercontent.com/FGBLH/EHR663/refs/heads/main/py/%E7%9F%AD%E5%89%A7%E8%81%9A%E5%90%88.py
[2026-09-02T03:42:18Z] 剥离代理前缀 -> https://raw.githubusercontent.com/FGBLH/EHR663/refs/heads/main/py/神马影视.py
[2026-09-02T03:42:18Z] SKIP 已处理 https://raw.githubusercontent.com/FGBLH/EHR663/refs/heads/main/py/%E7%A5%9E%E9%A9%AC%E5%BD%B1%E8%A7%86.py
[2026-09-02T03:42:18Z] 剥离代理前缀 -> https://raw.githubusercontent.com/FGBLH/EHR663/refs/heads/main/py/糯米短剧.py
[2026-09-02T03:42:18Z] SKIP 已处理 https://raw.githubusercontent.com/FGBLH/EHR663/refs/heads/main/py/%E7%B3%AF%E7%B1%B3%E7%9F%AD%E5%89%A7.py
[2026-09-02T03:42:18Z] 剥离代理前缀 -> https://raw.githubusercontent.com/FGBLH/EHR663/refs/heads/main/py/网飞TV.py
[2026-09-02T03:42:18Z] SKIP 已处理 https://raw.githubusercontent.com/FGBLH/EHR663/refs/heads/main/py/%E7%BD%91%E9%A3%9ETV.py
[2026-09-02T03:42:18Z] 剥离代理前缀 -> https://raw.githubusercontent.com/FGBLH/EHR663/refs/heads/main/py/美剧天堂.py
[2026-09-02T03:42:18Z] SKIP 已处理 https://raw.githubusercontent.com/FGBLH/EHR663/refs/heads/main/py/%E7%BE%8E%E5%89%A7%E5%A4%A9%E5%A0%82.py
[2026-09-02T03:42:18Z] 剥离代理前缀 -> https://raw.githubusercontent.com/FGBLH/EHR663/refs/heads/main/py/聚合直播.py
[2026-09-02T03:42:18Z] SKIP 已处理 https://raw.githubusercontent.com/FGBLH/EHR663/refs/heads/main/py/%E8%81%9A%E5%90%88%E7%9B%B4%E6%92%AD.py
[2026-09-02T03:42:18Z] 剥离代理前缀 -> https://raw.githubusercontent.com/FGBLH/EHR663/refs/heads/main/py/腾讯视频.py
[2026-09-02T03:42:18Z] SKIP 已处理 https://raw.githubusercontent.com/FGBLH/EHR663/refs/heads/main/py/%E8%85%BE%E8%AE%AF%E8%A7%86%E9%A2%91.py
[2026-09-02T03:42:18Z] 剥离代理前缀 -> https://raw.githubusercontent.com/FGBLH/EHR663/refs/heads/main/py/芒果TV.py
[2026-09-02T03:42:18Z] SKIP 已处理 https://raw.githubusercontent.com/FGBLH/EHR663/refs/heads/main/py/%E8%8A%92%E6%9E%9CTV.py
[2026-09-02T03:42:18Z] 剥离代理前缀 -> https://raw.githubusercontent.com/FGBLH/EHR663/refs/heads/main/py/茶杯狐.py
[2026-09-02T03:42:18Z] SKIP 已处理 https://raw.githubusercontent.com/FGBLH/EHR663/refs/heads/main/py/%E8%8C%B6%E6%9D%AF%E7%8B%90.py
[2026-09-02T03:42:18Z] 剥离代理前缀 -> https://raw.githubusercontent.com/FGBLH/EHR663/refs/heads/main/py/蛋挞TV.py
[2026-09-02T03:42:18Z] SKIP 已处理 https://raw.githubusercontent.com/FGBLH/EHR663/refs/heads/main/py/%E8%9B%8B%E6%8C%9ETV.py
[2026-09-02T03:42:18Z] 剥离代理前缀 -> https://raw.githubusercontent.com/FGBLH/EHR663/refs/heads/main/py/蝶卡影视.py
[2026-09-02T03:42:18Z] SKIP 已处理 https://raw.githubusercontent.com/FGBLH/EHR663/refs/heads/main/py/%E8%9D%B6%E5%8D%A1%E5%BD%B1%E8%A7%86.py
[2026-09-02T03:42:18Z] 剥离代理前缀 -> https://raw.githubusercontent.com/FGBLH/EHR663/refs/heads/main/py/袋鼠影视.py
[2026-09-02T03:42:18Z] SKIP 已处理 https://raw.githubusercontent.com/FGBLH/EHR663/refs/heads/main/py/%E8%A2%8B%E9%BC%A0%E5%BD%B1%E8%A7%86.py
[2026-09-02T03:42:18Z] 剥离代理前缀 -> https://raw.githubusercontent.com/FGBLH/EHR663/refs/heads/main/py/观风影视.py
[2026-09-02T03:42:18Z] SKIP 已处理 https://raw.githubusercontent.com/FGBLH/EHR663/refs/heads/main/py/%E8%A7%82%E9%A3%8E%E5%BD%B1%E8%A7%86.py
[2026-09-02T03:42:18Z] 剥离代理前缀 -> https://raw.githubusercontent.com/FGBLH/EHR663/refs/heads/main/py/视觉影院.py
[2026-09-02T03:42:18Z] SKIP 已处理 https://raw.githubusercontent.com/FGBLH/EHR663/refs/heads/main/py/%E8%A7%86%E8%A7%89%E5%BD%B1%E9%99%A2.py
[2026-09-02T03:42:18Z] 剥离代理前缀 -> https://raw.githubusercontent.com/FGBLH/EHR663/refs/heads/main/py/豆花影视.py
[2026-09-02T03:42:18Z] SKIP 已处理 https://raw.githubusercontent.com/FGBLH/EHR663/refs/heads/main/py/%E8%B1%86%E8%8A%B1%E5%BD%B1%E8%A7%86.py
[2026-09-02T03:42:18Z] 剥离代理前缀 -> https://raw.githubusercontent.com/FGBLH/EHR663/refs/heads/main/py/追光影视.py
[2026-09-02T03:42:18Z] SKIP 已处理 https://raw.githubusercontent.com/FGBLH/EHR663/refs/heads/main/py/%E8%BF%BD%E5%85%89%E5%BD%B1%E8%A7%86.py
[2026-09-02T03:42:18Z] 剥离代理前缀 -> https://raw.githubusercontent.com/FGBLH/EHR663/refs/heads/main/py/追影.py
[2026-09-02T03:42:18Z] SKIP 已处理 https://raw.githubusercontent.com/FGBLH/EHR663/refs/heads/main/py/%E8%BF%BD%E5%BD%B1.py
[2026-09-02T03:42:18Z] 剥离代理前缀 -> https://raw.githubusercontent.com/FGBLH/EHR663/refs/heads/main/py/酷我音乐.py
[2026-09-02T03:42:18Z] SKIP 已处理 https://raw.githubusercontent.com/FGBLH/EHR663/refs/heads/main/py/%E9%85%B7%E6%88%91%E9%9F%B3%E4%B9%90.py
[2026-09-02T03:42:18Z] 剥离代理前缀 -> https://raw.githubusercontent.com/FGBLH/EHR663/refs/heads/main/py/采集聚合.py
[2026-09-02T03:42:18Z] SKIP 已处理 https://raw.githubusercontent.com/FGBLH/EHR663/refs/heads/main/py/%E9%87%87%E9%9B%86%E8%81%9A%E5%90%88.py
[2026-09-02T03:42:18Z] 剥离代理前缀 -> https://raw.githubusercontent.com/FGBLH/EHR663/refs/heads/main/py/金牌APP.py
[2026-09-02T03:42:18Z] SKIP 已处理 https://raw.githubusercontent.com/FGBLH/EHR663/refs/heads/main/py/%E9%87%91%E7%89%8CAPP.py
[2026-09-02T03:42:18Z] 剥离代理前缀 -> https://raw.githubusercontent.com/FGBLH/EHR663/refs/heads/main/py/韩小圈.py
[2026-09-02T03:42:18Z] SKIP 已处理 https://raw.githubusercontent.com/FGBLH/EHR663/refs/heads/main/py/%E9%9F%A9%E5%B0%8F%E5%9C%88.py
[2026-09-02T03:42:18Z] 剥离代理前缀 -> https://raw.githubusercontent.com/FGBLH/EHR663/refs/heads/main/py/骚火影视.py
[2026-09-02T03:42:18Z] SKIP 已处理 https://raw.githubusercontent.com/FGBLH/EHR663/refs/heads/main/py/%E9%AA%9A%E7%81%AB%E5%BD%B1%E8%A7%86.py
[2026-09-02T03:42:18Z] 剥离代理前缀 -> https://raw.githubusercontent.com/FGBLH/EHR663/refs/heads/main/py/麒麟影视.py
[2026-09-02T03:42:18Z] SKIP 已处理 https://raw.githubusercontent.com/FGBLH/EHR663/refs/heads/main/py/%E9%BA%92%E9%BA%9F%E5%BD%B1%E8%A7%86.py
[2026-09-02T03:42:18Z] 剥离代理前缀 -> https://raw.githubusercontent.com/FGBLH/EHR663/refs/heads/main/py/麦田影院.py
[2026-09-02T03:42:18Z] SKIP 已处理 https://raw.githubusercontent.com/FGBLH/EHR663/refs/heads/main/py/%E9%BA%A6%E7%94%B0%E5%BD%B1%E9%99%A2.py
[2026-09-02T03:42:18Z] 剥离代理前缀 -> https://raw.githubusercontent.com/FGBLH/EHR663/refs/heads/main/py/麻花影视.py
[2026-09-02T03:42:18Z] SKIP 已处理 https://raw.githubusercontent.com/FGBLH/EHR663/refs/heads/main/py/%E9%BA%BB%E8%8A%B1%E5%BD%B1%E8%A7%86.py
[2026-09-02T03:42:18Z] 剥离代理前缀 -> https://raw.githubusercontent.com/IY-CPU/IY/main/lib/drpy2.min.js
[2026-09-02T03:42:18Z] SKIP 已处理 https://raw.githubusercontent.com/IY-CPU/IY/main/lib/drpy2.min.js
[2026-09-02T03:42:18Z] 剥离代理前缀 -> https://raw.githubusercontent.com/develop202/migu_video/refs/heads/main/interface.txt
[2026-09-02T03:42:18Z] SKIP 已处理 https://raw.githubusercontent.com/develop202/migu_video/refs/heads/main/interface.txt
[2026-09-02T03:42:18Z] 剥离代理前缀 -> https://raw.githubusercontent.com/goodcommunication/mydm/main/yins.json
[2026-09-02T03:42:18Z] SKIP 未变化 FGBLH__EHR663/yins.json
[2026-09-02T03:42:18Z] 剥离代理前缀 -> https://raw.githubusercontent.com/phu889/kjh998/refs/heads/main/jar_js/Music1.json
[2026-09-02T03:42:18Z] SKIP 已处理 https://raw.githubusercontent.com/phu889/kjh998/refs/heads/main/jar_js/Music1.json
[2026-09-02T03:42:18Z] 剥离代理前缀 -> https://raw.githubusercontent.com/phu889/kjh998/refs/heads/main/jar_js/央视直播.js
[2026-09-02T03:42:18Z] SKIP 未变化 FGBLH__EHR663/央视直播.js
[2026-09-02T03:42:18Z] 剥离代理前缀 -> https://raw.githubusercontent.com/phu889/kjh998/refs/heads/main/jar_js/开心影院.js
[2026-09-02T03:42:18Z] SKIP 已处理 https://raw.githubusercontent.com/phu889/kjh998/refs/heads/main/jar_js/%E5%BC%80%E5%BF%83%E5%BD%B1%E9%99%A2.js
[2026-09-02T03:42:18Z] 剥离代理前缀 -> https://raw.githubusercontent.com/phu889/kjh998/refs/heads/main/jar_js/拾光影视.js
[2026-09-02T03:42:18Z] SKIP 已处理 https://raw.githubusercontent.com/phu889/kjh998/refs/heads/main/jar_js/%E6%8B%BE%E5%85%89%E5%BD%B1%E8%A7%86.js
[2026-09-02T03:42:18Z] 剥离代理前缀 -> https://raw.githubusercontent.com/phu889/kjh998/refs/heads/main/jar_js/枫叶影院.js
[2026-09-02T03:42:18Z] SKIP 已处理 https://raw.githubusercontent.com/phu889/kjh998/refs/heads/main/jar_js/%E6%9E%AB%E5%8F%B6%E5%BD%B1%E9%99%A2.js
[2026-09-02T03:42:18Z] 剥离代理前缀 -> https://raw.githubusercontent.com/phu889/kjh998/refs/heads/main/jar_js/片库.js
[2026-09-02T03:42:18Z] SKIP 已处理 https://raw.githubusercontent.com/phu889/kjh998/refs/heads/main/jar_js/%E7%89%87%E5%BA%93.js
[2026-09-02T03:42:18Z] 剥离代理前缀 -> https://raw.githubusercontent.com/phu889/kjh998/refs/heads/main/jar_js/百度短剧.js
[2026-09-02T03:42:18Z] SKIP 已处理 https://raw.githubusercontent.com/phu889/kjh998/refs/heads/main/jar_js/%E7%99%BE%E5%BA%A6%E7%9F%AD%E5%89%A7.js
[2026-09-02T03:42:18Z] 剥离代理前缀 -> https://raw.githubusercontent.com/phu889/kjh998/refs/heads/main/jar_js/腾爱优b站.js
[2026-09-02T03:42:18Z] SKIP 已处理 https://raw.githubusercontent.com/phu889/kjh998/refs/heads/main/jar_js/%E8%85%BE%E7%88%B1%E4%BC%98b%E7%AB%99.js
[2026-09-02T03:42:18Z] 剥离代理前缀 -> https://raw.githubusercontent.com/phu889/kjh998/refs/heads/main/jar_js/西瓜影视.js
[2026-09-02T03:42:18Z] SKIP 已处理 https://raw.githubusercontent.com/phu889/kjh998/refs/heads/main/jar_js/%E8%A5%BF%E7%93%9C%E5%BD%B1%E8%A7%86.js
[2026-09-02T03:42:18Z] 剥离代理前缀 -> https://raw.githubusercontent.com/phu889/kjh998/refs/heads/main/py/云途影视.py
[2026-09-02T03:42:18Z] SKIP 已处理 https://raw.githubusercontent.com/phu889/kjh998/refs/heads/main/py/%E4%BA%91%E9%80%94%E5%BD%B1%E8%A7%86.py
[2026-09-02T03:42:18Z] 剥离代理前缀 -> https://raw.githubusercontent.com/phu889/kjh998/refs/heads/main/py/君念影院.py
[2026-09-02T03:42:18Z] SKIP 已处理 https://raw.githubusercontent.com/phu889/kjh998/refs/heads/main/py/%E5%90%9B%E5%BF%B5%E5%BD%B1%E9%99%A2.py
[2026-09-02T03:42:18Z] 剥离代理前缀 -> https://raw.githubusercontent.com/phu889/kjh998/refs/heads/main/py/在线短剧.py
[2026-09-02T03:42:18Z] SKIP 已处理 https://raw.githubusercontent.com/phu889/kjh998/refs/heads/main/py/%E5%9C%A8%E7%BA%BF%E7%9F%AD%E5%89%A7.py
[2026-09-02T03:42:18Z] 剥离代理前缀 -> https://raw.githubusercontent.com/phu889/kjh998/refs/heads/main/py/夏日影院.py
[2026-09-02T03:42:18Z] SKIP 已处理 https://raw.githubusercontent.com/phu889/kjh998/refs/heads/main/py/%E5%A4%8F%E6%97%A5%E5%BD%B1%E9%99%A2.py
[2026-09-02T03:42:18Z] 剥离代理前缀 -> https://raw.githubusercontent.com/phu889/kjh998/refs/heads/main/py/永乐视频.py
[2026-09-02T03:42:18Z] SKIP 已处理 https://raw.githubusercontent.com/phu889/kjh998/refs/heads/main/py/%E6%B0%B8%E4%B9%90%E8%A7%86%E9%A2%91.py
[2026-09-02T03:42:18Z] 剥离代理前缀 -> https://raw.githubusercontent.com/phu889/kjh998/refs/heads/main/py/石榴短剧.py
[2026-09-02T03:42:18Z] SKIP 已处理 https://raw.githubusercontent.com/phu889/kjh998/refs/heads/main/py/%E7%9F%B3%E6%A6%B4%E7%9F%AD%E5%89%A7.py
[2026-09-02T03:42:18Z] SKIP 已处理 https://iptv.yang-1989.eu.org/m3u/Gather.m3u
[2026-09-02T03:42:40Z]   重试 1 失败: <urlopen error [Errno -3] Temporary failure in name resolution>
[2026-09-02T03:42:54Z]   重试 2 失败: <urlopen error [Errno -3] Temporary failure in name resolution>
[2026-09-02T03:43:10Z]   重试 3 失败: <urlopen error [Errno -3] Temporary failure in name resolution>
[2026-09-02T03:43:20Z] FAIL 子链接 https://jx.jsonplayer.com/player/?url= -> <urlopen error [Errno -3] Temporary failure in name resolution>
[2026-09-02T03:43:20Z] SKIP 已处理 https://jx.m3u8.tv/jiexi/?url=
[2026-09-02T03:43:20Z] SKIP 已处理 https://live.445569.xyz/live.m3u
[2026-09-02T03:43:20Z] SKIP 已处理 https://nm.xxxc137.top/static/player/artplayer.html?url=
[2026-09-02T03:43:20Z] SKIP 已处理 https://php.946985.filegear-sg.me/jackTV.m3u
[2026-09-02T03:43:20Z] SKIP 已处理 https://raw.githubusercontent.com/Guovin/iptv-api/gd/output/ipv4/result.m3u
[2026-09-02T03:43:20Z] SKIP 已处理 https://raw.githubusercontent.com/xJEYDAin/iptv/main/output/all_merged.m3u
[2026-09-02T03:43:20Z] SKIP 已处理 https://t.freetv.fun/m3u/playlist_all.txt
[2026-09-02T03:43:20Z] 剥离代理前缀 -> https://raw.githubusercontent.com/vinkerq/iptv-api/refs/heads/master/iptv.txt
[2026-09-02T03:43:20Z] SKIP 已处理 https://raw.githubusercontent.com/vinkerq/iptv-api/refs/heads/master/iptv.txt
[2026-09-02T03:43:20Z] SKIP 已处理 https://www.985pan.com/down.php/bf5e9607ff407fcdd71f63928ea5bc79.txt
[2026-09-02T03:43:20Z] SKIP 重复内容 FGBLH__EHR663/275听书.py
[2026-09-02T03:43:21Z] SKIP 未变化 FGBLH__EHR663/30剧集网🍀TG @hshsjk9.py
[2026-09-02T03:43:21Z] SKIP 重复内容 FGBLH__EHR663/456电影网.py
[2026-09-02T03:43:21Z] SKIP 重复内容 FGBLH__EHR663/4K影视.py
[2026-09-02T03:43:22Z] SKIP 重复内容 FGBLH__EHR663/58影视.py
[2026-09-02T03:43:22Z] SKIP 未变化 FGBLH__EHR663/66大片网🍀TG @hshsjk9.py
[2026-09-02T03:43:23Z] SKIP 重复内容 FGBLH__EHR663/808影院.py
[2026-09-02T03:43:23Z] SKIP 未变化 FGBLH__EHR663/ASMR吧🍀TG @hshsjk9.py
[2026-09-02T03:43:24Z] SKIP 未变化 FGBLH__EHR663/Auete影视🍀TG @hshsjk9.py
[2026-09-02T03:43:24Z] SKIP 重复内容 FGBLH__EHR663/DJ呦呦.py
[2026-09-02T03:43:24Z] SKIP 未变化 FGBLH__EHR663/EcoHub影视🍀TG @hshsjk9.py
[2026-09-02T03:43:24Z] SKIP 未变化 FGBLH__EHR663/FoFo影院🍀TG @hshsjk9.py
[2026-09-02T03:43:25Z] SKIP 重复内容 FGBLH__EHR663/FreeOK.py
[2026-09-02T03:43:25Z] SKIP 重复内容 FGBLH__EHR663/MiFun动漫.py
[2026-09-02T03:43:25Z] SKIP 未变化 FGBLH__EHR663/VIP兔🍀TG @hshsjk9.py
[2026-09-02T03:43:25Z] SKIP 未变化 FGBLH__EHR663/VS影院🍀TG @hshsjk9.py
[2026-09-02T03:43:26Z] SKIP 未变化 FGBLH__EHR663/pomo🍀TG @hshsjk9.py
[2026-09-02T03:43:26Z] SKIP 未变化 FGBLH__EHR663/vidhub🍀TG @hshsjk9.py
[2026-09-02T03:43:26Z] SKIP 未变化 FGBLH__EHR663/一起影视🍀TG @hshsjk9.py
[2026-09-02T03:43:26Z] SKIP 重复内容 FGBLH__EHR663/七味.py
[2026-09-02T03:43:27Z] SKIP 重复内容 FGBLH__EHR663/七猫影视.py
[2026-09-02T03:43:27Z] SKIP 未变化 FGBLH__EHR663/仙腾影院🍀TG @hshsjk9.py
[2026-09-02T03:43:27Z] SKIP 重复内容 FGBLH__EHR663/优酷视频.py
[2026-09-02T03:43:27Z] SKIP 重复内容 FGBLH__EHR663/低端影视.py
[2026-09-02T03:43:28Z] SKIP 重复内容 FGBLH__EHR663/兄弟影视.py
[2026-09-02T03:43:28Z] SKIP 未变化 FGBLH__EHR663/兔岛影院🍀TG @hshsjk9.py
[2026-09-02T03:43:28Z] SKIP 重复内容 FGBLH__EHR663/八天电影.py
[2026-09-02T03:43:28Z] SKIP 未变化 FGBLH__EHR663/八戒影视🍀TG @hshsjk9.py
[2026-09-02T03:43:29Z] SKIP 未变化 FGBLH__EHR663/共和国动漫🍀TG @hshsjk9.py
[2026-09-02T03:43:29Z] SKIP 重复内容 FGBLH__EHR663/共青春影院.py
[2026-09-02T03:43:29Z] SKIP 重复内容 FGBLH__EHR663/农民影视.py
[2026-09-02T03:43:29Z] SKIP 重复内容 FGBLH__EHR663/初见影视.py
[2026-09-02T03:43:29Z] SKIP 未变化 FGBLH__EHR663/刷不停短剧🍀TG @hshsjk9.py
[2026-09-02T03:43:29Z] SKIP 重复内容 FGBLH__EHR663/剧OK.py
[2026-09-02T03:43:30Z] SKIP 未变化 FGBLH__EHR663/剧下饭4K🍀TG @hshsjk9.py
[2026-09-02T03:43:30Z] SKIP 重复内容 FGBLH__EHR663/动漫啦.py
[2026-09-02T03:43:30Z] SKIP 重复内容 FGBLH__EHR663/动漫巴士.py
[2026-09-02T03:43:30Z] SKIP 重复内容 FGBLH__EHR663/努努影院.py
[2026-09-02T03:43:30Z] SKIP 重复内容 FGBLH__EHR663/千千影视.py
[2026-09-02T03:43:31Z] SKIP 未变化 FGBLH__EHR663/千千音乐🍀TG @hshsjk9.py
[2026-09-02T03:43:31Z] SKIP 重复内容 FGBLH__EHR663/华数TV.py
[2026-09-02T03:43:31Z] SKIP 重复内容 FGBLH__EHR663/厂长影视.py
[2026-09-02T03:43:31Z] SKIP 未变化 FGBLH__EHR663/厂长资源🍀TG @hshsjk9.py
[2026-09-02T03:43:31Z] SKIP 重复内容 FGBLH__EHR663/可可影视.py
[2026-09-02T03:43:31Z] SKIP 未变化 FGBLH__EHR663/听书网456🍀TG @hshsjk9.py
[2026-09-02T03:43:32Z] SKIP 重复内容 FGBLH__EHR663/咖啡直播.py
[2026-09-02T03:43:32Z] SKIP 重复内容 FGBLH__EHR663/哇哇APP.py
[2026-09-02T03:43:32Z] SKIP 重复内容 FGBLH__EHR663/哔哩直播.py
[2026-09-02T03:43:32Z] SKIP 重复内容 FGBLH__EHR663/喜福短剧.py
[2026-09-02T03:43:32Z] SKIP 重复内容 FGBLH__EHR663/嘀嗒影视.py
[2026-09-02T03:43:32Z] SKIP 未变化 FGBLH__EHR663/多多影视🍀TG @hshsjk9.py
[2026-09-02T03:43:33Z] SKIP 重复内容 FGBLH__EHR663/多瑙影院.py
[2026-09-02T03:43:33Z] SKIP 未变化 FGBLH__EHR663/大象短剧🍀TG @hshsjk9.py
[2026-09-02T03:43:33Z] SKIP 未变化 FGBLH__EHR663/大马猴🍀TG @hshsjk9.py
[2026-09-02T03:43:33Z] SKIP 重复内容 FGBLH__EHR663/太乙影视.py
[2026-09-02T03:43:33Z] SKIP 重复内容 FGBLH__EHR663/奇优影院.py
[2026-09-02T03:43:33Z] SKIP 重复内容 FGBLH__EHR663/奇点影视.py
[2026-09-02T03:43:34Z] SKIP 重复内容 FGBLH__EHR663/奈非工厂.py
[2026-09-02T03:43:34Z] SKIP 重复内容 FGBLH__EHR663/好剧屋.py
[2026-09-02T03:43:34Z] SKIP 未变化 FGBLH__EHR663/好好看🍀TG @hshsjk9.py
[2026-09-02T03:43:34Z] SKIP 重复内容 FGBLH__EHR663/威视TV.py
[2026-09-02T03:43:34Z] SKIP 未变化 FGBLH__EHR663/宅男影视🍀TG @hshsjk9.py
[2026-09-02T03:43:34Z] SKIP 未变化 FGBLH__EHR663/山水影视🍀TG @hshsjk9.py
[2026-09-02T03:43:34Z] SKIP 未变化 FGBLH__EHR663/影视大全.py
[2026-09-02T03:43:34Z] SKIP 未变化 FGBLH__EHR663/影视大全🍀TG @hshsjk9.py
[2026-09-02T03:43:35Z] SKIP 重复内容 FGBLH__EHR663/悟圣短剧.py
[2026-09-02T03:43:35Z] SKIP 重复内容 FGBLH__EHR663/悟空影视.py
[2026-09-02T03:43:35Z] SKIP 重复内容 FGBLH__EHR663/悦听吧.py
[2026-09-02T03:43:35Z] SKIP 未变化 FGBLH__EHR663/搜剧AI🍀TG @hshsjk9.py
[2026-09-02T03:43:35Z] SKIP 未变化 FGBLH__EHR663/易听书网🍀TG @hshsjk9.py
[2026-09-02T03:43:35Z] SKIP 未变化 FGBLH__EHR663/星梦Asmr🍀TG @hshsjk9.py
[2026-09-02T03:43:36Z] SKIP 重复内容 FGBLH__EHR663/星河影视.py
[2026-09-02T03:43:36Z] SKIP 重复内容 FGBLH__EHR663/星芽短剧.py
[2026-09-02T03:43:36Z] SKIP 重复内容 FGBLH__EHR663/星辰影院.py
[2026-09-02T03:43:36Z] SKIP 重复内容 FGBLH__EHR663/映像星球.py
[2026-09-02T03:43:36Z] SKIP 未变化 FGBLH__EHR663/映刻短剧🍀TG @hshsjk9.py
[2026-09-02T03:43:36Z] SKIP 未变化 FGBLH__EHR663/智能加载v5.1.py
[2026-09-02T03:43:37Z] SKIP 重复内容 FGBLH__EHR663/枝枝影视.py
[2026-09-02T03:43:37Z] SKIP 重复内容 FGBLH__EHR663/枫叶4K.py
[2026-09-02T03:43:37Z] SKIP 未变化 FGBLH__EHR663/枫叶影院🍀TG @hshsjk9.py
[2026-09-02T03:43:37Z] SKIP 重复内容 FGBLH__EHR663/枫叶音乐.py
[2026-09-02T03:43:37Z] SKIP 重复内容 FGBLH__EHR663/柯南影视.py
[2026-09-02T03:43:37Z] SKIP 未变化 FGBLH__EHR663/楓林網🍀TG @hshsjk9.py
[2026-09-02T03:43:37Z] SKIP 未变化 FGBLH__EHR663/樱之空动漫🍀TG @hshsjk9.py
[2026-09-02T03:43:38Z] SKIP 重复内容 FGBLH__EHR663/毒舌影视.py
[2026-09-02T03:43:38Z] SKIP 未变化 FGBLH__EHR663/毒舌短剧🍀TG @hshsjk9.py
[2026-09-02T03:43:38Z] SKIP 重复内容 FGBLH__EHR663/永乐视频.py
[2026-09-02T03:43:38Z] SKIP 重复内容 FGBLH__EHR663/河马剧场.py
[2026-09-02T03:43:38Z] SKIP 重复内容 FGBLH__EHR663/油管.py
[2026-09-02T03:43:38Z] SKIP 重复内容 FGBLH__EHR663/油管直播.py
[2026-09-02T03:43:39Z] SKIP 未变化 FGBLH__EHR663/泡泡影院🍀TG @hshsjk9.py
[2026-09-02T03:43:39Z] SKIP 重复内容 FGBLH__EHR663/泥视频.py
[2026-09-02T03:43:39Z] SKIP 重复内容 FGBLH__EHR663/热播APP.py
[2026-09-02T03:43:39Z] SKIP 重复内容 FGBLH__EHR663/熊猫直播.py
[2026-09-02T03:43:40Z] SKIP 重复内容 FGBLH__EHR663/爱壹帆.py
[2026-09-02T03:43:40Z] SKIP 重复内容 FGBLH__EHR663/爱看机器人.py
[2026-09-02T03:43:40Z] SKIP 重复内容 FGBLH__EHR663/瓜子APP.py
[2026-09-02T03:43:40Z] SKIP 未变化 FGBLH__EHR663/电影侠🍀TG @hshsjk9.py
[2026-09-02T03:43:40Z] SKIP 未变化 FGBLH__EHR663/百花影院🍀TG @hshsjk9.py
[2026-09-02T03:43:41Z] SKIP 重复内容 FGBLH__EHR663/皮皮虾.py
[2026-09-02T03:43:41Z] SKIP 未变化 FGBLH__EHR663/看剧AI🍀TG @hshsjk9.py
[2026-09-02T03:43:41Z] SKIP 未变化 FGBLH__EHR663/看戏影视🍀TG @hshsjk9.py
[2026-09-02T03:43:41Z] SKIP 重复内容 FGBLH__EHR663/真狼影视.py
[2026-09-02T03:43:41Z] SKIP 重复内容 FGBLH__EHR663/短剧巴士.py
[2026-09-02T03:43:42Z] SKIP 重复内容 FGBLH__EHR663/短剧聚合.py
[2026-09-02T03:43:42Z] SKIP 重复内容 FGBLH__EHR663/神马影视.py
[2026-09-02T03:43:42Z] SKIP 重复内容 FGBLH__EHR663/糯米短剧.py
[2026-09-02T03:43:42Z] SKIP 重复内容 FGBLH__EHR663/网飞TV.py
[2026-09-02T03:43:42Z] SKIP 重复内容 FGBLH__EHR663/美剧天堂.py
[2026-09-02T03:43:43Z] SKIP 重复内容 FGBLH__EHR663/聚合直播.py
[2026-09-02T03:43:43Z] SKIP 未变化 FGBLH__EHR663/腾爱优芒B🍀TG @hshsjk9.py
[2026-09-02T03:43:43Z] SKIP 重复内容 FGBLH__EHR663/腾讯视频.py
[2026-09-02T03:43:43Z] SKIP 未变化 FGBLH__EHR663/自动加载678.py
[2026-09-02T03:43:43Z] SKIP 重复内容 FGBLH__EHR663/芒果TV.py
[2026-09-02T03:43:43Z] SKIP 重复内容 FGBLH__EHR663/茶杯狐.py
[2026-09-02T03:43:43Z] SKIP 未变化 FGBLH__EHR663/草莓影视🍀TG @hshsjk9.py
[2026-09-02T03:43:44Z] SKIP 重复内容 FGBLH__EHR663/蛋挞TV.py
[2026-09-02T03:43:44Z] SKIP 重复内容 FGBLH__EHR663/蝶卡影视.py
[2026-09-02T03:43:44Z] SKIP 重复内容 FGBLH__EHR663/袋鼠影视.py
[2026-09-02T03:43:44Z] SKIP 重复内容 FGBLH__EHR663/观风影视.py
[2026-09-02T03:43:44Z] SKIP 重复内容 FGBLH__EHR663/视觉影院.py
[2026-09-02T03:43:45Z] SKIP 重复内容 FGBLH__EHR663/豆花影视.py
[2026-09-02T03:43:45Z] SKIP 重复内容 FGBLH__EHR663/追光影视.py
[2026-09-02T03:43:45Z] SKIP 重复内容 FGBLH__EHR663/追影.py
[2026-09-02T03:43:45Z] SKIP 重复内容 FGBLH__EHR663/酷我音乐.py
[2026-09-02T03:43:45Z] SKIP 重复内容 FGBLH__EHR663/采集聚合.py
[2026-09-02T03:43:45Z] SKIP 重复内容 FGBLH__EHR663/金牌APP.py
[2026-09-02T03:43:46Z] SKIP 未变化 FGBLH__EHR663/青牛影视🍀TG @hshsjk9.py
[2026-09-02T03:43:46Z] SKIP 未变化 FGBLH__EHR663/青空次元🍀TG @hshsjk9.py
[2026-09-02T03:43:46Z] SKIP 未变化 FGBLH__EHR663/青蛙影视🍀TG @hshsjk9.py
[2026-09-02T03:43:46Z] SKIP 重复内容 FGBLH__EHR663/韩小圈.py
[2026-09-02T03:43:46Z] SKIP 未变化 FGBLH__EHR663/音乐聚合🍀TG @hshsjk9.py
[2026-09-02T03:43:46Z] SKIP 未变化 FGBLH__EHR663/飞快TV🍀TG @hshsjk9.py
[2026-09-02T03:43:46Z] SKIP 未变化 FGBLH__EHR663/飞流视频🍀TG @hshsjk9.py
[2026-09-02T03:43:47Z] SKIP 未变化 FGBLH__EHR663/饭搭子影视.py
[2026-09-02T03:43:47Z] SKIP 未变化 FGBLH__EHR663/首映网🍀TG @hshsjk9.py
[2026-09-02T03:43:47Z] SKIP 重复内容 FGBLH__EHR663/骚火影视.py
[2026-09-02T03:43:47Z] SKIP 未变化 FGBLH__EHR663/高清点播🍀TG @hshsjk9.py
[2026-09-02T03:43:47Z] SKIP 重复内容 FGBLH__EHR663/麒麟影视.py
[2026-09-02T03:43:47Z] SKIP 重复内容 FGBLH__EHR663/麦田影院.py
[2026-09-02T03:43:47Z] SKIP 重复内容 FGBLH__EHR663/麻花影视.py
[2026-09-02T03:43:48Z] SKIP 未变化 FGBLH__EHR663/午夜剧场.txt
[2026-09-02T03:43:48Z] SKIP 未变化 FGBLH__EHR663/安博.txt
[2026-09-02T03:43:48Z] 已生成订阅页：212 个文件
[2026-09-02T03:43:48Z] py.json 合并直播源：模板 1 + 采集 39 = 40 条
[2026-09-02T03:43:48Z] 已生成 tvbox/py.json：146 个 spider 站点
[2026-09-02T03:43:48Z] === 完成：成功 212 / 2 条 ===
[2026-09-02T03:43:48Z] TG 未配置，跳过推送（如需推送请在仓库 Actions Secrets 设置 TG_BOT_TOKEN / TG_CHAT_ID）
[2026-09-03T13:17:10Z] === TVBox collector start ===
[2026-09-03T13:17:10Z] 待处理 2 条
[2026-09-03T13:17:10Z] 剥离代理前缀 -> https://raw.githubusercontent.com/FGBLH/EHR663/refs/heads/main/Web鱼壳海豚常规23
[2026-09-03T13:17:11Z] 已自动解密 https://raw.githubusercontent.com/FGBLH/EHR663/refs/heads/main/Web%E9%B1%BC%E5%A3%B3%E6%B5%B7%E8%B1%9A%E5%B8%B8%E8%A7%8423
[2026-09-03T13:17:11Z] OK Web鱼壳海豚常规23.json (101413 字节)
[2026-09-03T13:17:11Z] 解密配置中发现 184 个子链接，继续采集...
[2026-09-03T13:17:13Z]   重试 1 失败: <urlopen error [Errno 111] Connection refused>
[2026-09-03T13:17:17Z]   重试 2 失败: <urlopen error [Errno 111] Connection refused>
[2026-09-03T13:17:23Z]   重试 3 失败: <urlopen error [Errno 111] Connection refused>
[2026-09-03T13:17:23Z] FAIL 子链接 http://127.0.0.1:9978/file/TVBox/bili_cookie.txt -> <urlopen error [Errno 111] Connection refused>
[2026-09-03T13:17:23Z] SKIP 未变化 4gtv.m3u
[2026-09-03T13:17:23Z] SKIP 未变化 fwc.m3u
[2026-09-03T13:17:36Z] SKIP 未变化 黄蚂蚁先锋推流源.txt
[2026-09-03T13:17:39Z]   重试 1 失败: Remote end closed connection without response
[2026-09-03T13:18:13Z]   重试 2 失败: <urlopen error timed out>
[2026-09-03T13:18:49Z]   重试 3 失败: <urlopen error timed out>
[2026-09-03T13:19:19Z] FAIL 子链接 http://iptv.4666888.xyz/FYTV.txt -> <urlopen error timed out>
[2026-09-03T13:19:21Z] OK tv.m3u (970077 字节)
[2026-09-03T13:19:53Z]   重试 1 失败: <urlopen error [Errno 101] Network is unreachable>
[2026-09-03T13:20:27Z]   重试 2 失败: <urlopen error [Errno 101] Network is unreachable>
[2026-09-03T13:21:03Z]   重试 3 失败: <urlopen error [Errno 101] Network is unreachable>
[2026-09-03T13:21:33Z] FAIL 子链接 http://www.52top.com.cn:678/downloads/migu.txt -> <urlopen error [Errno 101] Network is unreachable>
[2026-09-03T13:21:34Z] OK 4gtv.txt (30450 字节)
[2026-09-03T13:21:34Z] SKIP 未变化 新加坡.m3u
[2026-09-03T13:21:39Z] SKIP 未变化 app.txt
[2026-09-03T13:21:39Z] OK live.m3u (12243 字节)
[2026-09-03T13:21:41Z] SKIP 未变化 20251023002031-6064033c16.js
[2026-09-03T13:21:42Z] SKIP 未变化 20251023002108-a4795930ec.js
[2026-09-03T13:21:43Z] SKIP 未变化 20251023002144-0e40887294.js
[2026-09-03T13:21:45Z] SKIP 未变化 20251023002200-507c3e8aae.js
[2026-09-03T13:21:48Z]   重试 1 失败: HTTP Error 403: Forbidden
[2026-09-03T13:21:52Z]   重试 2 失败: HTTP Error 403: Forbidden
[2026-09-03T13:21:59Z]   重试 3 失败: HTTP Error 403: Forbidden
[2026-09-03T13:22:00Z] FAIL 子链接 https://cnb.cool/fish2018/xs/-/git/raw/main/XBPQ/哆啦新番社.json -> HTTP Error 403: Forbidden
[2026-09-03T13:22:02Z]   重试 1 失败: HTTP Error 403: Forbidden
[2026-09-03T13:22:07Z]   重试 2 失败: HTTP Error 403: Forbidden
[2026-09-03T13:22:14Z]   重试 3 失败: HTTP Error 403: Forbidden
[2026-09-03T13:22:14Z] FAIL 子链接 https://cnb.cool/fish2018/xs/-/git/raw/main/XBPQ/小镇影视.json -> HTTP Error 403: Forbidden
[2026-09-03T13:22:17Z]   重试 1 失败: HTTP Error 403: Forbidden
[2026-09-03T13:22:22Z]   重试 2 失败: HTTP Error 403: Forbidden
[2026-09-03T13:22:28Z]   重试 3 失败: HTTP Error 403: Forbidden
[2026-09-03T13:22:29Z] FAIL 子链接 https://cnb.cool/fish2018/xs/-/git/raw/main/XBPQ/永乐影视.json -> HTTP Error 403: Forbidden
[2026-09-03T13:22:32Z]   重试 1 失败: HTTP Error 403: Forbidden
[2026-09-03T13:22:36Z]   重试 2 失败: HTTP Error 403: Forbidden
[2026-09-03T13:22:43Z]   重试 3 失败: HTTP Error 403: Forbidden
[2026-09-03T13:22:44Z] FAIL 子链接 https://cnb.cool/fish2018/xs/-/git/raw/main/XBPQ/面包影视.json -> HTTP Error 403: Forbidden
[2026-09-03T13:22:46Z]   重试 1 失败: HTTP Error 403: Forbidden
[2026-09-03T13:22:51Z]   重试 2 失败: HTTP Error 403: Forbidden
[2026-09-03T13:22:58Z]   重试 3 失败: HTTP Error 403: Forbidden
[2026-09-03T13:22:58Z] FAIL 子链接 https://cnb.cool/fish2018/xs/-/git/raw/main/XYQHiker/剧圈影视.json -> HTTP Error 403: Forbidden
[2026-09-03T13:23:01Z]   重试 1 失败: HTTP Error 403: Forbidden
[2026-09-03T13:23:06Z]   重试 2 失败: HTTP Error 403: Forbidden
[2026-09-03T13:23:12Z]   重试 3 失败: HTTP Error 403: Forbidden
[2026-09-03T13:23:13Z] FAIL 子链接 https://cnb.cool/fish2018/xs/-/git/raw/main/XYQHiker/巴士动漫.json -> HTTP Error 403: Forbidden
[2026-09-03T13:23:16Z]   重试 1 失败: HTTP Error 403: Forbidden
[2026-09-03T13:23:20Z]   重试 2 失败: HTTP Error 403: Forbidden
[2026-09-03T13:23:27Z]   重试 3 失败: HTTP Error 403: Forbidden
[2026-09-03T13:23:28Z] FAIL 子链接 https://cnb.cool/fish2018/xs/-/git/raw/main/XYQHiker/电影港.json -> HTTP Error 403: Forbidden
[2026-09-03T13:23:30Z]   重试 1 失败: HTTP Error 403: Forbidden
[2026-09-03T13:23:35Z]   重试 2 失败: HTTP Error 403: Forbidden
[2026-09-03T13:23:42Z]   重试 3 失败: HTTP Error 403: Forbidden
[2026-09-03T13:23:42Z] FAIL 子链接 https://cnb.cool/fish2018/xs/-/git/raw/main/js/Anime1.js -> HTTP Error 403: Forbidden
[2026-09-03T13:23:45Z]   重试 1 失败: HTTP Error 403: Forbidden
[2026-09-03T13:23:50Z]   重试 2 失败: HTTP Error 403: Forbidden
[2026-09-03T13:23:56Z]   重试 3 失败: HTTP Error 403: Forbidden
[2026-09-03T13:23:57Z] FAIL 子链接 https://cnb.cool/fish2018/xs/-/git/raw/main/js/drpy2.min.js -> HTTP Error 403: Forbidden
[2026-09-03T13:24:00Z]   重试 1 失败: HTTP Error 403: Forbidden
[2026-09-03T13:24:04Z]   重试 2 失败: HTTP Error 403: Forbidden
[2026-09-03T13:24:11Z]   重试 3 失败: HTTP Error 403: Forbidden
[2026-09-03T13:24:12Z] FAIL 子链接 https://cnb.cool/fish2018/xs/-/git/raw/main/js/去看吧.js -> HTTP Error 403: Forbidden
[2026-09-03T13:24:14Z]   重试 1 失败: HTTP Error 403: Forbidden
[2026-09-03T13:24:19Z]   重试 2 失败: HTTP Error 403: Forbidden
[2026-09-03T13:24:25Z]   重试 3 失败: HTTP Error 403: Forbidden
[2026-09-03T13:24:26Z] FAIL 子链接 https://cnb.cool/fish2018/xs/-/git/raw/main/js/路漫漫.js -> HTTP Error 403: Forbidden
[2026-09-03T13:24:29Z]   重试 1 失败: HTTP Error 403: Forbidden
[2026-09-03T13:24:33Z]   重试 2 失败: HTTP Error 403: Forbidden
[2026-09-03T13:24:40Z]   重试 3 失败: HTTP Error 403: Forbidden
[2026-09-03T13:24:41Z] FAIL 子链接 https://cnb.cool/fish2018/xs/-/git/raw/main/json/哔哩哔哩听书.json -> HTTP Error 403: Forbidden
[2026-09-03T13:24:43Z]   重试 1 失败: HTTP Error 403: Forbidden
[2026-09-03T13:24:48Z]   重试 2 失败: HTTP Error 403: Forbidden
[2026-09-03T13:24:55Z]   重试 3 失败: HTTP Error 403: Forbidden
[2026-09-03T13:24:55Z] FAIL 子链接 https://cnb.cool/fish2018/xs/-/git/raw/main/py/哔哩直播.py -> HTTP Error 403: Forbidden
[2026-09-03T13:24:58Z]   重试 1 失败: HTTP Error 403: Forbidden
[2026-09-03T13:25:03Z]   重试 2 失败: HTTP Error 403: Forbidden
[2026-09-03T13:25:09Z]   重试 3 失败: HTTP Error 403: Forbidden
[2026-09-03T13:25:10Z] FAIL 子链接 https://cnb.cool/fish2018/xs/-/git/raw/main/py/星芽短剧.py -> HTTP Error 403: Forbidden
[2026-09-03T13:25:12Z]   重试 1 失败: HTTP Error 403: Forbidden
[2026-09-03T13:25:17Z]   重试 2 失败: HTTP Error 403: Forbidden
[2026-09-03T13:25:24Z]   重试 3 失败: HTTP Error 403: Forbidden
[2026-09-03T13:25:24Z] FAIL 子链接 https://cnb.cool/fish2018/xs/-/git/raw/main/py/爱听音乐.py -> HTTP Error 403: Forbidden
[2026-09-03T13:25:27Z]   重试 1 失败: HTTP Error 403: Forbidden
[2026-09-03T13:25:32Z]   重试 2 失败: HTTP Error 403: Forbidden
[2026-09-03T13:25:38Z]   重试 3 失败: HTTP Error 403: Forbidden
[2026-09-03T13:25:39Z] FAIL 子链接 https://cnb.cool/fish2018/xs/-/git/raw/main/py/网络直播.py -> HTTP Error 403: Forbidden
[2026-09-03T13:27:37Z] SKIP 未变化 小新TV.txt
[2026-09-03T13:27:41Z]   重试 1 失败: HTTP Error 404: Not Found
[2026-09-03T13:27:46Z]   重试 2 失败: HTTP Error 404: Not Found
[2026-09-03T13:27:53Z]   重试 3 失败: HTTP Error 404: Not Found
[2026-09-03T13:27:53Z] FAIL 子链接 https://dm-1255775577.cos.ap-guangzhou.myqcloud.com/dmg/api.txt -> HTTP Error 404: Not Found
[2026-09-03T13:28:26Z]   重试 1 失败: <urlopen error timed out>
[2026-09-03T13:29:00Z]   重试 2 失败: <urlopen error timed out>
[2026-09-03T13:29:36Z]   重试 3 失败: <urlopen error timed out>
[2026-09-03T13:30:06Z] FAIL 子链接 https://dyttandroid-1372779881.cos.ap-guangzhou.myqcloud.com/app_dyttandroid.txt -> <urlopen error timed out>
[2026-09-03T13:30:08Z] SKIP 未变化 app_dyttandroid.txt
[2026-09-03T13:30:08Z] OK test_channels_taiwan.m3u (29896 字节)
[2026-09-03T13:30:08Z] SKIP 未变化 360聚合.html
[2026-09-03T13:30:08Z] SKIP 未变化 6v.html
[2026-09-03T13:30:09Z] SKIP 未变化 libvio.html
[2026-09-03T13:30:09Z] SKIP 未变化 ppnix.html
[2026-09-03T13:30:09Z] SKIP 未变化 ptt.html
[2026-09-03T13:30:09Z] SKIP 未变化 youtube.html
[2026-09-03T13:30:09Z] SKIP 未变化 厂长.html
[2026-09-03T13:30:09Z] SKIP 未变化 歪比巴卜.html
[2026-09-03T13:30:09Z] SKIP 未变化 海豚影视.html
[2026-09-03T13:30:09Z] SKIP 未变化 玩偶聚合.html
[2026-09-03T13:30:09Z] SKIP 未变化 观影.html
[2026-09-03T13:30:10Z] SKIP 未变化 3E7E0C8A023B624CEC6BDCC200F06F02.js
[2026-09-03T13:30:10Z] SKIP 未变化 h3mb5a.txt
[2026-09-03T13:30:32Z]   重试 1 失败: HTTP Error 522: <none>
[2026-09-03T13:30:56Z]   重试 2 失败: HTTP Error 522: <none>
[2026-09-03T13:31:22Z]   重试 3 失败: HTTP Error 522: <none>
[2026-09-03T13:31:42Z] FAIL 子链接 https://gh-proxy.org/https://github.com/bang359/dsj/raw/main/dsjcs.txt -> HTTP Error 522: <none>
[2026-09-03T13:31:42Z] 剥离代理前缀 -> https://raw.githubusercontent.com/807080747/zv/refs/heads/main/sese.txt
[2026-09-03T13:31:42Z] SKIP 未变化 sese.txt
[2026-09-03T13:31:42Z] 剥离代理前缀 -> https://raw.githubusercontent.com/Jsnzkpg/Jsnzkpg/Jsnzkpg/Jsnzkpg1.m3u
[2026-09-03T13:31:44Z]   重试 1 失败: HTTP Error 404: Not Found
[2026-09-03T13:31:48Z]   重试 2 失败: HTTP Error 404: Not Found
[2026-09-03T13:31:54Z]   重试 3 失败: HTTP Error 404: Not Found
[2026-09-03T13:31:54Z] FAIL 子链接 https://gh-proxy.org/https://raw.githubusercontent.com/Jsnzkpg/Jsnzkpg/Jsnzkpg/Jsnzkpg1.m3u -> HTTP Error 404: Not Found
[2026-09-03T13:31:54Z] 剥离代理前缀 -> https://raw.githubusercontent.com/vinkerq/iptv-api/refs/heads/master/iptv.txt
[2026-09-03T13:31:56Z] SKIP 未变化 iptv.txt
[2026-09-03T13:31:56Z] 剥离代理前缀 -> https://raw.githubusercontent.com/wujiangliu/live-sources/refs/heads/main/%E5%85%A8%E7%90%83%E7%9B%B4%E6%92%AD.m3u
[2026-09-03T13:31:56Z] SKIP 未变化 全球直播.m3u
[2026-09-03T13:31:56Z] 剥离代理前缀 -> https://raw.githubusercontent.com/wujiangliu/live-sources/refs/heads/main/bhmb.m3u
[2026-09-03T13:31:56Z] SKIP 未变化 bhmb.m3u
[2026-09-03T13:31:56Z] 剥离代理前缀 -> https://raw.githubusercontent.com/Kimentanm/aptv/master/m3u/iptv.m3u
[2026-09-03T13:31:57Z] SKIP 未变化 iptv.m3u
[2026-09-03T13:31:57Z] 剥离代理前缀 -> https://raw.githubusercontent.com/develop202/migu_video/refs/heads/main/interface.txt
[2026-09-03T13:31:57Z] SKIP 未变化 interface.txt
[2026-09-03T13:31:57Z] 剥离代理前缀 -> https://raw.githubusercontent.com/FGBLH/EHR663/refs/heads/main/4gtv.txt
[2026-09-03T13:31:57Z] OK 4gtv.txt (7714 字节)
[2026-09-03T13:31:57Z] 剥离代理前缀 -> https://raw.githubusercontent.com/FGBLH/EHR663/refs/heads/main/Nettv.txt
[2026-09-03T13:31:57Z] SKIP 未变化 Nettv.txt
[2026-09-03T13:31:57Z] 剥离代理前缀 -> https://raw.githubusercontent.com/FGBLH/EHR663/refs/heads/main/py/275听书.py
[2026-09-03T13:31:57Z] SKIP 未变化 275听书.py
[2026-09-03T13:31:57Z] 剥离代理前缀 -> https://raw.githubusercontent.com/FGBLH/EHR663/refs/heads/main/py/456电影网.py
[2026-09-03T13:31:57Z] SKIP 未变化 456电影网.py
[2026-09-03T13:31:57Z] 剥离代理前缀 -> https://raw.githubusercontent.com/FGBLH/EHR663/refs/heads/main/py/4K影视.py
[2026-09-03T13:31:57Z] SKIP 未变化 4K影视.py
[2026-09-03T13:31:57Z] 剥离代理前缀 -> https://raw.githubusercontent.com/FGBLH/EHR663/refs/heads/main/py/58影视.py
[2026-09-03T13:31:57Z] SKIP 未变化 58影视.py
[2026-09-03T13:31:57Z] 剥离代理前缀 -> https://raw.githubusercontent.com/FGBLH/EHR663/refs/heads/main/py/808影院.py
[2026-09-03T13:31:57Z] SKIP 未变化 808影院.py
[2026-09-03T13:31:57Z] 剥离代理前缀 -> https://raw.githubusercontent.com/FGBLH/EHR663/refs/heads/main/py/DJ呦呦.py
[2026-09-03T13:31:57Z] SKIP 未变化 DJ呦呦.py
[2026-09-03T13:31:57Z] 剥离代理前缀 -> https://raw.githubusercontent.com/FGBLH/EHR663/refs/heads/main/py/FreeOK.py
[2026-09-03T13:31:57Z] SKIP 未变化 FreeOK.py
[2026-09-03T13:31:57Z] 剥离代理前缀 -> https://raw.githubusercontent.com/FGBLH/EHR663/refs/heads/main/py/MiFun动漫.py
[2026-09-03T13:31:57Z] SKIP 未变化 MiFun动漫.py
[2026-09-03T13:31:57Z] 剥离代理前缀 -> https://raw.githubusercontent.com/FGBLH/EHR663/refs/heads/main/py/七味.py
[2026-09-03T13:31:57Z] SKIP 未变化 七味.py
[2026-09-03T13:31:57Z] 剥离代理前缀 -> https://raw.githubusercontent.com/FGBLH/EHR663/refs/heads/main/py/七猫影视.py
[2026-09-03T13:31:57Z] SKIP 未变化 七猫影视.py
[2026-09-03T13:31:57Z] 剥离代理前缀 -> https://raw.githubusercontent.com/FGBLH/EHR663/refs/heads/main/py/优酷视频.py
[2026-09-03T13:31:58Z] SKIP 未变化 优酷视频.py
[2026-09-03T13:31:58Z] 剥离代理前缀 -> https://raw.githubusercontent.com/FGBLH/EHR663/refs/heads/main/py/低端影视.py
[2026-09-03T13:31:58Z] SKIP 未变化 低端影视.py
[2026-09-03T13:31:58Z] 剥离代理前缀 -> https://raw.githubusercontent.com/FGBLH/EHR663/refs/heads/main/py/兄弟影视.py
[2026-09-03T13:31:58Z] SKIP 未变化 兄弟影视.py
[2026-09-03T13:31:58Z] 剥离代理前缀 -> https://raw.githubusercontent.com/FGBLH/EHR663/refs/heads/main/py/八天电影.py
[2026-09-03T13:31:58Z] SKIP 未变化 八天电影.py
[2026-09-03T13:31:58Z] 剥离代理前缀 -> https://raw.githubusercontent.com/FGBLH/EHR663/refs/heads/main/py/共青春影院.py
[2026-09-03T13:31:58Z] SKIP 未变化 共青春影院.py
[2026-09-03T13:31:58Z] 剥离代理前缀 -> https://raw.githubusercontent.com/FGBLH/EHR663/refs/heads/main/py/农民影视.py
[2026-09-03T13:31:58Z] SKIP 未变化 农民影视.py
[2026-09-03T13:31:58Z] 剥离代理前缀 -> https://raw.githubusercontent.com/FGBLH/EHR663/refs/heads/main/py/初见影视.py
[2026-09-03T13:31:58Z] SKIP 未变化 初见影视.py
[2026-09-03T13:31:58Z] 剥离代理前缀 -> https://raw.githubusercontent.com/FGBLH/EHR663/refs/heads/main/py/剧OK.py
[2026-09-03T13:31:58Z] SKIP 未变化 剧OK.py
[2026-09-03T13:31:58Z] 剥离代理前缀 -> https://raw.githubusercontent.com/FGBLH/EHR663/refs/heads/main/py/动漫啦.py
[2026-09-03T13:31:58Z] SKIP 未变化 动漫啦.py
[2026-09-03T13:31:58Z] 剥离代理前缀 -> https://raw.githubusercontent.com/FGBLH/EHR663/refs/heads/main/py/动漫巴士.py
[2026-09-03T13:31:59Z] SKIP 未变化 动漫巴士.py
[2026-09-03T13:31:59Z] 剥离代理前缀 -> https://raw.githubusercontent.com/FGBLH/EHR663/refs/heads/main/py/努努影院.py
[2026-09-03T13:31:59Z] SKIP 未变化 努努影院.py
[2026-09-03T13:31:59Z] 剥离代理前缀 -> https://raw.githubusercontent.com/FGBLH/EHR663/refs/heads/main/py/华数TV.py
[2026-09-03T13:31:59Z] SKIP 未变化 华数TV.py
[2026-09-03T13:31:59Z] 剥离代理前缀 -> https://raw.githubusercontent.com/FGBLH/EHR663/refs/heads/main/py/厂长影视.py
[2026-09-03T13:31:59Z] SKIP 未变化 厂长影视.py
[2026-09-03T13:31:59Z] 剥离代理前缀 -> https://raw.githubusercontent.com/FGBLH/EHR663/refs/heads/main/py/可可影视.py
[2026-09-03T13:31:59Z] SKIP 未变化 可可影视.py
[2026-09-03T13:31:59Z] 剥离代理前缀 -> https://raw.githubusercontent.com/FGBLH/EHR663/refs/heads/main/py/咖啡直播.py
[2026-09-03T13:31:59Z] SKIP 未变化 咖啡直播.py
[2026-09-03T13:31:59Z] 剥离代理前缀 -> https://raw.githubusercontent.com/FGBLH/EHR663/refs/heads/main/py/哇哇APP.py
[2026-09-03T13:31:59Z] SKIP 未变化 哇哇APP.py
[2026-09-03T13:31:59Z] 剥离代理前缀 -> https://raw.githubusercontent.com/FGBLH/EHR663/refs/heads/main/py/哔哩直播.py
[2026-09-03T13:31:59Z] SKIP 未变化 哔哩直播.py
[2026-09-03T13:31:59Z] 剥离代理前缀 -> https://raw.githubusercontent.com/FGBLH/EHR663/refs/heads/main/py/喜福短剧.py
[2026-09-03T13:31:59Z] SKIP 未变化 喜福短剧.py
[2026-09-03T13:31:59Z] 剥离代理前缀 -> https://raw.githubusercontent.com/FGBLH/EHR663/refs/heads/main/py/嘀嗒影视.py
[2026-09-03T13:31:59Z] SKIP 未变化 嘀嗒影视.py
[2026-09-03T13:31:59Z] 剥离代理前缀 -> https://raw.githubusercontent.com/FGBLH/EHR663/refs/heads/main/py/多瑙影院.py
[2026-09-03T13:31:59Z] SKIP 未变化 多瑙影院.py
[2026-09-03T13:31:59Z] 剥离代理前缀 -> https://raw.githubusercontent.com/FGBLH/EHR663/refs/heads/main/py/太乙影视.py
[2026-09-03T13:31:59Z] SKIP 未变化 太乙影视.py
[2026-09-03T13:31:59Z] 剥离代理前缀 -> https://raw.githubusercontent.com/FGBLH/EHR663/refs/heads/main/py/奇优影院.py
[2026-09-03T13:31:59Z] SKIP 未变化 奇优影院.py
[2026-09-03T13:31:59Z] 剥离代理前缀 -> https://raw.githubusercontent.com/FGBLH/EHR663/refs/heads/main/py/奇点影视.py
[2026-09-03T13:31:59Z] SKIP 未变化 奇点影视.py
[2026-09-03T13:31:59Z] 剥离代理前缀 -> https://raw.githubusercontent.com/FGBLH/EHR663/refs/heads/main/py/奈非工厂.py
[2026-09-03T13:31:59Z] SKIP 未变化 奈非工厂.py
[2026-09-03T13:31:59Z] 剥离代理前缀 -> https://raw.githubusercontent.com/FGBLH/EHR663/refs/heads/main/py/好剧屋.py
[2026-09-03T13:32:00Z] SKIP 未变化 好剧屋.py
[2026-09-03T13:32:00Z] 剥离代理前缀 -> https://raw.githubusercontent.com/FGBLH/EHR663/refs/heads/main/py/威视TV.py
[2026-09-03T13:32:00Z] SKIP 未变化 威视TV.py
[2026-09-03T13:32:00Z] 剥离代理前缀 -> https://raw.githubusercontent.com/FGBLH/EHR663/refs/heads/main/py/悟圣短剧.py
[2026-09-03T13:32:00Z] SKIP 未变化 悟圣短剧.py
[2026-09-03T13:32:00Z] 剥离代理前缀 -> https://raw.githubusercontent.com/FGBLH/EHR663/refs/heads/main/py/悟空影视.py
[2026-09-03T13:32:00Z] SKIP 未变化 悟空影视.py
[2026-09-03T13:32:00Z] 剥离代理前缀 -> https://raw.githubusercontent.com/FGBLH/EHR663/refs/heads/main/py/悦听吧.py
[2026-09-03T13:32:00Z] SKIP 未变化 悦听吧.py
[2026-09-03T13:32:00Z] 剥离代理前缀 -> https://raw.githubusercontent.com/FGBLH/EHR663/refs/heads/main/py/星河影视.py
[2026-09-03T13:32:00Z] SKIP 未变化 星河影视.py
[2026-09-03T13:32:00Z] 剥离代理前缀 -> https://raw.githubusercontent.com/FGBLH/EHR663/refs/heads/main/py/星芽短剧.py
[2026-09-03T13:32:00Z] SKIP 未变化 星芽短剧.py
[2026-09-03T13:32:00Z] 剥离代理前缀 -> https://raw.githubusercontent.com/FGBLH/EHR663/refs/heads/main/py/星辰影院.py
[2026-09-03T13:32:00Z] SKIP 未变化 星辰影院.py
[2026-09-03T13:32:00Z] 剥离代理前缀 -> https://raw.githubusercontent.com/FGBLH/EHR663/refs/heads/main/py/映像星球.py
[2026-09-03T13:32:00Z] SKIP 未变化 映像星球.py
[2026-09-03T13:32:00Z] 剥离代理前缀 -> https://raw.githubusercontent.com/FGBLH/EHR663/refs/heads/main/py/枝枝影视.py
[2026-09-03T13:32:00Z] SKIP 未变化 枝枝影视.py
[2026-09-03T13:32:00Z] 剥离代理前缀 -> https://raw.githubusercontent.com/FGBLH/EHR663/refs/heads/main/py/枫叶4K.py
[2026-09-03T13:32:00Z] SKIP 未变化 枫叶4K.py
[2026-09-03T13:32:00Z] 剥离代理前缀 -> https://raw.githubusercontent.com/FGBLH/EHR663/refs/heads/main/py/枫叶音乐.py
[2026-09-03T13:32:00Z] SKIP 未变化 枫叶音乐.py
[2026-09-03T13:32:00Z] 剥离代理前缀 -> https://raw.githubusercontent.com/FGBLH/EHR663/refs/heads/main/py/柯南影视.py
[2026-09-03T13:32:00Z] SKIP 未变化 柯南影视.py
[2026-09-03T13:32:00Z] 剥离代理前缀 -> https://raw.githubusercontent.com/FGBLH/EHR663/refs/heads/main/py/毒舌影视.py
[2026-09-03T13:32:00Z] SKIP 未变化 毒舌影视.py
[2026-09-03T13:32:00Z] 剥离代理前缀 -> https://raw.githubusercontent.com/FGBLH/EHR663/refs/heads/main/py/永乐视频.py
[2026-09-03T13:32:00Z] OK 永乐视频.py (10012 字节)
[2026-09-03T13:32:00Z] 剥离代理前缀 -> https://raw.githubusercontent.com/FGBLH/EHR663/refs/heads/main/py/河马剧场.py
[2026-09-03T13:32:01Z] SKIP 未变化 河马剧场.py
[2026-09-03T13:32:01Z] 剥离代理前缀 -> https://raw.githubusercontent.com/FGBLH/EHR663/refs/heads/main/py/油管.py
[2026-09-03T13:32:01Z] SKIP 未变化 油管.py
[2026-09-03T13:32:01Z] 剥离代理前缀 -> https://raw.githubusercontent.com/FGBLH/EHR663/refs/heads/main/py/油管直播.py
[2026-09-03T13:32:01Z] SKIP 未变化 油管直播.py
[2026-09-03T13:32:01Z] 剥离代理前缀 -> https://raw.githubusercontent.com/FGBLH/EHR663/refs/heads/main/py/泥视频.py
[2026-09-03T13:32:01Z] SKIP 未变化 泥视频.py
[2026-09-03T13:32:01Z] 剥离代理前缀 -> https://raw.githubusercontent.com/FGBLH/EHR663/refs/heads/main/py/热播APP.py
[2026-09-03T13:32:01Z] SKIP 未变化 热播APP.py
[2026-09-03T13:32:01Z] 剥离代理前缀 -> https://raw.githubusercontent.com/FGBLH/EHR663/refs/heads/main/py/熊猫直播.py
[2026-09-03T13:32:01Z] SKIP 未变化 熊猫直播.py
[2026-09-03T13:32:01Z] 剥离代理前缀 -> https://raw.githubusercontent.com/FGBLH/EHR663/refs/heads/main/py/爱壹帆.py
[2026-09-03T13:32:01Z] SKIP 未变化 爱壹帆.py
[2026-09-03T13:32:01Z] 剥离代理前缀 -> https://raw.githubusercontent.com/FGBLH/EHR663/refs/heads/main/py/爱看机器人.py
[2026-09-03T13:32:01Z] SKIP 未变化 爱看机器人.py
[2026-09-03T13:32:01Z] 剥离代理前缀 -> https://raw.githubusercontent.com/FGBLH/EHR663/refs/heads/main/py/瓜子APP.py
[2026-09-03T13:32:01Z] SKIP 未变化 瓜子APP.py
[2026-09-03T13:32:01Z] 剥离代理前缀 -> https://raw.githubusercontent.com/FGBLH/EHR663/refs/heads/main/py/皮皮虾.py
[2026-09-03T13:32:01Z] SKIP 未变化 皮皮虾.py
[2026-09-03T13:32:01Z] 剥离代理前缀 -> https://raw.githubusercontent.com/FGBLH/EHR663/refs/heads/main/py/真狼影视.py
[2026-09-03T13:32:01Z] SKIP 未变化 真狼影视.py
[2026-09-03T13:32:01Z] 剥离代理前缀 -> https://raw.githubusercontent.com/FGBLH/EHR663/refs/heads/main/py/短剧巴士.py
[2026-09-03T13:32:01Z] SKIP 未变化 短剧巴士.py
[2026-09-03T13:32:01Z] 剥离代理前缀 -> https://raw.githubusercontent.com/FGBLH/EHR663/refs/heads/main/py/短剧聚合.py
[2026-09-03T13:32:01Z] SKIP 未变化 短剧聚合.py
[2026-09-03T13:32:01Z] 剥离代理前缀 -> https://raw.githubusercontent.com/FGBLH/EHR663/refs/heads/main/py/神马影视.py
[2026-09-03T13:32:01Z] SKIP 未变化 神马影视.py
[2026-09-03T13:32:01Z] 剥离代理前缀 -> https://raw.githubusercontent.com/FGBLH/EHR663/refs/heads/main/py/糯米短剧.py
[2026-09-03T13:32:01Z] SKIP 未变化 糯米短剧.py
[2026-09-03T13:32:01Z] 剥离代理前缀 -> https://raw.githubusercontent.com/FGBLH/EHR663/refs/heads/main/py/网飞TV.py
[2026-09-03T13:32:01Z] SKIP 未变化 网飞TV.py
[2026-09-03T13:32:01Z] 剥离代理前缀 -> https://raw.githubusercontent.com/FGBLH/EHR663/refs/heads/main/py/美剧天堂.py
[2026-09-03T13:32:02Z] SKIP 未变化 美剧天堂.py
[2026-09-03T13:32:02Z] 剥离代理前缀 -> https://raw.githubusercontent.com/FGBLH/EHR663/refs/heads/main/py/聚合直播.py
[2026-09-03T13:32:02Z] SKIP 未变化 聚合直播.py
[2026-09-03T13:32:02Z] 剥离代理前缀 -> https://raw.githubusercontent.com/FGBLH/EHR663/refs/heads/main/py/腾讯视频.py
[2026-09-03T13:32:02Z] SKIP 未变化 腾讯视频.py
[2026-09-03T13:32:02Z] 剥离代理前缀 -> https://raw.githubusercontent.com/FGBLH/EHR663/refs/heads/main/py/芒果TV.py
[2026-09-03T13:32:02Z] SKIP 未变化 芒果TV.py
[2026-09-03T13:32:02Z] 剥离代理前缀 -> https://raw.githubusercontent.com/FGBLH/EHR663/refs/heads/main/py/茶杯狐.py
[2026-09-03T13:32:02Z] SKIP 未变化 茶杯狐.py
[2026-09-03T13:32:02Z] 剥离代理前缀 -> https://raw.githubusercontent.com/FGBLH/EHR663/refs/heads/main/py/蛋挞TV.py
[2026-09-03T13:32:02Z] SKIP 未变化 蛋挞TV.py
[2026-09-03T13:32:02Z] 剥离代理前缀 -> https://raw.githubusercontent.com/FGBLH/EHR663/refs/heads/main/py/蝶卡影视.py
[2026-09-03T13:32:02Z] SKIP 未变化 蝶卡影视.py
[2026-09-03T13:32:02Z] 剥离代理前缀 -> https://raw.githubusercontent.com/FGBLH/EHR663/refs/heads/main/py/袋鼠影视.py
[2026-09-03T13:32:02Z] SKIP 未变化 袋鼠影视.py
[2026-09-03T13:32:02Z] 剥离代理前缀 -> https://raw.githubusercontent.com/FGBLH/EHR663/refs/heads/main/py/观风影视.py
[2026-09-03T13:32:02Z] SKIP 未变化 观风影视.py
[2026-09-03T13:32:02Z] 剥离代理前缀 -> https://raw.githubusercontent.com/FGBLH/EHR663/refs/heads/main/py/视觉影院.py
[2026-09-03T13:32:02Z] SKIP 未变化 视觉影院.py
[2026-09-03T13:32:02Z] 剥离代理前缀 -> https://raw.githubusercontent.com/FGBLH/EHR663/refs/heads/main/py/豆花影视.py
[2026-09-03T13:32:02Z] SKIP 未变化 豆花影视.py
[2026-09-03T13:32:02Z] 剥离代理前缀 -> https://raw.githubusercontent.com/FGBLH/EHR663/refs/heads/main/py/追光影视.py
[2026-09-03T13:32:02Z] SKIP 未变化 追光影视.py
[2026-09-03T13:32:02Z] 剥离代理前缀 -> https://raw.githubusercontent.com/FGBLH/EHR663/refs/heads/main/py/追影.py
[2026-09-03T13:32:03Z] SKIP 未变化 追影.py
[2026-09-03T13:32:03Z] 剥离代理前缀 -> https://raw.githubusercontent.com/FGBLH/EHR663/refs/heads/main/py/酷我音乐.py
[2026-09-03T13:32:03Z] SKIP 未变化 酷我音乐.py
[2026-09-03T13:32:03Z] 剥离代理前缀 -> https://raw.githubusercontent.com/FGBLH/EHR663/refs/heads/main/py/采集聚合.py
[2026-09-03T13:32:03Z] SKIP 未变化 采集聚合.py
[2026-09-03T13:32:03Z] 剥离代理前缀 -> https://raw.githubusercontent.com/FGBLH/EHR663/refs/heads/main/py/金牌APP.py
[2026-09-03T13:32:03Z] SKIP 未变化 金牌APP.py
[2026-09-03T13:32:03Z] 剥离代理前缀 -> https://raw.githubusercontent.com/FGBLH/EHR663/refs/heads/main/py/韩小圈.py
[2026-09-03T13:32:03Z] SKIP 未变化 韩小圈.py
[2026-09-03T13:32:03Z] 剥离代理前缀 -> https://raw.githubusercontent.com/FGBLH/EHR663/refs/heads/main/py/骚火影视.py
[2026-09-03T13:32:03Z] SKIP 未变化 骚火影视.py
[2026-09-03T13:32:03Z] 剥离代理前缀 -> https://raw.githubusercontent.com/FGBLH/EHR663/refs/heads/main/py/麒麟影视.py
[2026-09-03T13:32:03Z] SKIP 未变化 麒麟影视.py
[2026-09-03T13:32:03Z] 剥离代理前缀 -> https://raw.githubusercontent.com/FGBLH/EHR663/refs/heads/main/py/麦田影院.py
[2026-09-03T13:32:03Z] SKIP 未变化 麦田影院.py
[2026-09-03T13:32:03Z] 剥离代理前缀 -> https://raw.githubusercontent.com/FGBLH/EHR663/refs/heads/main/py/麻花影视.py
[2026-09-03T13:32:03Z] SKIP 未变化 麻花影视.py
[2026-09-03T13:32:03Z] 剥离代理前缀 -> https://raw.githubusercontent.com/IY-CPU/IY/main/lib/drpy2.min.js
[2026-09-03T13:32:03Z] SKIP 未变化 drpy2.min.js
[2026-09-03T13:32:03Z] 剥离代理前缀 -> https://raw.githubusercontent.com/develop202/migu_video/refs/heads/main/interface.txt
[2026-09-03T13:32:03Z] SKIP 已处理 https://raw.githubusercontent.com/develop202/migu_video/refs/heads/main/interface.txt
[2026-09-03T13:32:03Z] 剥离代理前缀 -> https://raw.githubusercontent.com/phu889/kjh998/FGBLH/EHR663/refs/heads/main/jar_js/央视直播.js
[2026-09-03T13:32:05Z]   重试 1 失败: HTTP Error 404: Not Found
[2026-09-03T13:32:09Z]   重试 2 失败: HTTP Error 404: Not Found
[2026-09-03T13:32:15Z]   重试 3 失败: HTTP Error 404: Not Found
[2026-09-03T13:32:15Z] FAIL 子链接 https://ghfast.top/https://raw.githubusercontent.com/phu889/kjh998/FGBLH/EHR663/refs/heads/main/jar_js/央视直播.js -> HTTP Error 404: Not Found
[2026-09-03T13:32:15Z] 剥离代理前缀 -> https://raw.githubusercontent.com/phu889/kjh998/refs/heads/main/jar_js/Music1.json
[2026-09-03T13:32:15Z] SKIP 未变化 Music1.json
[2026-09-03T13:32:15Z] 剥离代理前缀 -> https://raw.githubusercontent.com/phu889/kjh998/refs/heads/main/jar_js/开心影院.js
[2026-09-03T13:32:16Z] SKIP 未变化 开心影院.js
[2026-09-03T13:32:16Z] 剥离代理前缀 -> https://raw.githubusercontent.com/phu889/kjh998/refs/heads/main/jar_js/拾光影视.js
[2026-09-03T13:32:16Z] SKIP 未变化 拾光影视.js
[2026-09-03T13:32:16Z] 剥离代理前缀 -> https://raw.githubusercontent.com/phu889/kjh998/refs/heads/main/jar_js/枫叶影院.js
[2026-09-03T13:32:16Z] SKIP 未变化 枫叶影院.js
[2026-09-03T13:32:16Z] 剥离代理前缀 -> https://raw.githubusercontent.com/phu889/kjh998/refs/heads/main/jar_js/片库.js
[2026-09-03T13:32:16Z] SKIP 未变化 片库.js
[2026-09-03T13:32:16Z] 剥离代理前缀 -> https://raw.githubusercontent.com/phu889/kjh998/refs/heads/main/jar_js/百度短剧.js
[2026-09-03T13:32:16Z] SKIP 未变化 百度短剧.js
[2026-09-03T13:32:16Z] 剥离代理前缀 -> https://raw.githubusercontent.com/phu889/kjh998/refs/heads/main/jar_js/腾爱优b站.js
[2026-09-03T13:32:16Z] SKIP 未变化 腾爱优b站.js
[2026-09-03T13:32:16Z] 剥离代理前缀 -> https://raw.githubusercontent.com/phu889/kjh998/refs/heads/main/jar_js/西瓜影视.js
[2026-09-03T13:32:16Z] SKIP 未变化 西瓜影视.js
[2026-09-03T13:32:16Z] 剥离代理前缀 -> https://raw.githubusercontent.com/phu889/kjh998/refs/heads/main/py/CNFLIX.py
[2026-09-03T13:32:16Z] OK CNFLIX.py (15900 字节)
[2026-09-03T13:32:16Z] 剥离代理前缀 -> https://raw.githubusercontent.com/phu889/kjh998/refs/heads/main/py/云途影视.py
[2026-09-03T13:32:16Z] SKIP 未变化 云途影视.py
[2026-09-03T13:32:16Z] 剥离代理前缀 -> https://raw.githubusercontent.com/phu889/kjh998/refs/heads/main/py/君念影院.py
[2026-09-03T13:32:16Z] SKIP 未变化 君念影院.py
[2026-09-03T13:32:16Z] 剥离代理前缀 -> https://raw.githubusercontent.com/phu889/kjh998/refs/heads/main/py/在线短剧.py
[2026-09-03T13:32:16Z] SKIP 未变化 在线短剧.py
[2026-09-03T13:32:16Z] 剥离代理前缀 -> https://raw.githubusercontent.com/phu889/kjh998/refs/heads/main/py/夏日影院.py
[2026-09-03T13:32:16Z] SKIP 未变化 夏日影院.py
[2026-09-03T13:32:16Z] 剥离代理前缀 -> https://raw.githubusercontent.com/phu889/kjh998/refs/heads/main/py/永乐视频.py
[2026-09-03T13:32:17Z] OK 永乐视频.py (22682 字节)
[2026-09-03T13:32:17Z] 剥离代理前缀 -> https://raw.githubusercontent.com/phu889/kjh998/refs/heads/main/py/短剧大全.py
[2026-09-03T13:32:17Z] OK 短剧大全.py (11220 字节)
[2026-09-03T13:32:17Z] 剥离代理前缀 -> https://raw.githubusercontent.com/phu889/kjh998/refs/heads/main/py/石榴短剧.py
[2026-09-03T13:32:17Z] SKIP 未变化 石榴短剧.py
[2026-09-03T13:32:17Z] 剥离代理前缀 -> https://raw.githubusercontent.com/phu889/kjh998/refs/heads/main/py/蚕驰短剧网.py
[2026-09-03T13:32:17Z] OK 蚕驰短剧网.py (9224 字节)
[2026-09-03T13:32:17Z] 剥离代理前缀 -> https://raw.githubusercontent.com/phu889/kjh998/refs/heads/main/py/风尚影视.py
[2026-09-03T13:32:17Z] OK 风尚影视.py (20407 字节)
[2026-09-03T13:32:22Z]   重试 1 失败: HTTP Error 423: Locked
[2026-09-03T13:32:28Z]   重试 2 失败: HTTP Error 423: Locked
[2026-09-03T13:32:38Z]   重试 3 失败: HTTP Error 423: Locked
[2026-09-03T13:32:40Z] FAIL 子链接 https://gitee.com/wmmoliill/wimg/raw/master/img/bk/9.txt -> HTTP Error 423: Locked
[2026-09-03T13:32:42Z]   重试 1 失败: <urlopen error [Errno -2] Name or service not known>
[2026-09-03T13:32:46Z]   重试 2 失败: <urlopen error [Errno -2] Name or service not known>
[2026-09-03T13:32:53Z]   重试 3 失败: <urlopen error [Errno -2] Name or service not known>
[2026-09-03T13:32:53Z] FAIL 子链接 https://iptv.yang-1989.eu.org/m3u/Gather.m3u -> <urlopen error [Errno -2] Name or service not known>
[2026-09-03T13:32:53Z] SKIP 未变化 config
[2026-09-03T13:33:07Z] OK live.m3u (613505 字节)
[2026-09-03T13:33:08Z] SKIP 未变化 maotouyinghb.txt
[2026-09-03T13:33:10Z]   重试 1 失败: HTTP Error 404: Not Found
[2026-09-03T13:33:15Z]   重试 2 失败: HTTP Error 404: Not Found
[2026-09-03T13:33:21Z]   重试 3 失败: HTTP Error 404: Not Found
[2026-09-03T13:33:21Z] FAIL 子链接 https://nm.xxxc137.top/static/player/artplayer.html?url= -> HTTP Error 404: Not Found
[2026-09-03T13:33:25Z]   重试 1 失败: HTTP Error 403: Forbidden
[2026-09-03T13:33:29Z]   重试 2 失败: HTTP Error 403: Forbidden
[2026-09-03T13:33:36Z]   重试 3 失败: HTTP Error 403: Forbidden
[2026-09-03T13:33:36Z] FAIL 子链接 https://php.946985.filegear-sg.me/jackTV.m3u -> HTTP Error 403: Forbidden
[2026-09-03T13:33:36Z] SKIP 未变化 result.m3u
[2026-09-03T13:33:36Z] OK all_merged.m3u (419450 字节)
[2026-09-03T13:33:37Z] OK bililive.m3u (169510 字节)
[2026-09-03T13:33:38Z] OK huyayqk.m3u (207960 字节)
[2026-09-03T13:33:39Z] OK yylunbo.m3u (721 字节)
[2026-09-03T13:33:58Z] SKIP 未变化 playlist_all.txt
[2026-09-03T13:34:06Z] SKIP 未变化 az5.txt
[2026-09-03T13:34:08Z] SKIP 未变化 nostr.html
[2026-09-03T13:34:40Z]   重试 1 失败: <urlopen error timed out>
[2026-09-03T13:35:14Z]   重试 2 失败: <urlopen error timed out>
[2026-09-03T13:35:50Z]   重试 3 失败: <urlopen error timed out>
[2026-09-03T13:36:20Z] FAIL 子链接 https://www.985pan.com/down.php/bf5e9607ff407fcdd71f63928ea5bc79.txt -> <urlopen error timed out>
[2026-09-03T13:36:21Z] SKIP 未变化 xly.txt
[2026-09-03T13:36:22Z] SKIP 重复内容 app_xpg_android.txt
[2026-09-03T13:36:23Z] REPO FGBLH/EHR663 发现 149 个核心文件
[2026-09-03T13:36:23Z] SKIP 重复内容 FGBLH__EHR663/4gtv.txt
[2026-09-03T13:36:23Z] SKIP 未变化 FGBLH__EHR663/音源.json
[2026-09-03T13:36:23Z] SKIP 重复内容 FGBLH__EHR663/Nettv.txt
[2026-09-03T13:36:23Z] SKIP 未变化 FGBLH__EHR663/README.md
[2026-09-03T13:36:23Z] 已自动解密 https://raw.githubusercontent.com/FGBLH/EHR663/main/Web%E9%B1%BC%E5%A3%B3%E6%B5%B7%E8%B1%9A%E5%B8%B8%E8%A7%8423
[2026-09-03T13:36:23Z] SKIP 重复内容 FGBLH__EHR663/Web鱼壳海豚常规23.json
[2026-09-03T13:36:23Z] 已自动解密 https://raw.githubusercontent.com/FGBLH/EHR663/main/ok%E6%B5%B7%E8%B1%9A%E5%B8%B8%E8%A7%8422
[2026-09-03T13:36:23Z] OK FGBLH__EHR663/ok海豚常规22.json (63006 字节)
[2026-09-03T13:36:23Z] 解密配置中发现 144 个子链接，继续采集...
[2026-09-03T13:36:23Z] SKIP 已处理 http://4gtv.cnlive.club/4gtv.m3u
[2026-09-03T13:36:23Z] SKIP 已处理 http://82.156.243.185:33389/fwc.m3u
[2026-09-03T13:36:23Z] SKIP 已处理 http://ge.html-5.me//ii/%E9%BB%84%E8%9A%82%E8%9A%81%E5%85%88%E9%94%8B%E6%8E%A8%E6%B5%81%E6%BA%90.txt
[2026-09-03T13:36:23Z] SKIP 已处理 http://iptv.4666888.xyz/FYTV.txt
[2026-09-03T13:36:23Z] SKIP 已处理 http://tv123.vvvv.ee/tv.m3u
[2026-09-03T13:36:23Z] SKIP 已处理 http://www.52top.com.cn:678/downloads/migu.txt
[2026-09-03T13:36:23Z] SKIP 已处理 http://xtvantsc.xyz/4gtv.txt
[2026-09-03T13:36:23Z] SKIP 已处理 http://xtvantsc.xyz/%E6%96%B0%E5%8A%A0%E5%9D%A1.m3u
[2026-09-03T13:36:23Z] SKIP 已处理 https://cdn.qd.je/live.m3u
[2026-09-03T13:36:23Z] SKIP 已处理 https://cdn.waimaimingtang.com/file/images/bwc/20251023002031-6064033c16.js
[2026-09-03T13:36:23Z] SKIP 已处理 https://cdn.waimaimingtang.com/file/images/bwc/20251023002108-a4795930ec.js
[2026-09-03T13:36:23Z] SKIP 已处理 https://cdn.waimaimingtang.com/file/images/bwc/20251023002144-0e40887294.js
[2026-09-03T13:36:23Z] SKIP 已处理 https://cdn.waimaimingtang.com/file/images/bwc/20251023002200-507c3e8aae.js
[2026-09-03T13:36:23Z] SKIP 已处理 https://d.kstore.dev/download/9565/%E5%B0%8F%E6%96%B0TV.txt
[2026-09-03T13:36:23Z] SKIP 已处理 https://epg.pw/test_channels_taiwan.m3u
[2026-09-03T13:36:23Z] SKIP 已处理 https://file.icve.com.cn/file_doc/249/899/3E7E0C8A023B624CEC6BDCC200F06F02.js
[2026-09-03T13:36:23Z] SKIP 已处理 https://files.catbox.moe/h3mb5a.txt
[2026-09-03T13:36:23Z] SKIP 已处理 https://gh-proxy.org/https%3A//github.com/bang359/dsj/raw/main/dsjcs.txt
[2026-09-03T13:36:23Z] 剥离代理前缀 -> https://raw.githubusercontent.com/807080747/zv/refs/heads/main/sese.txt
[2026-09-03T13:36:23Z] SKIP 已处理 https://raw.githubusercontent.com/807080747/zv/refs/heads/main/sese.txt
[2026-09-03T13:36:23Z] 剥离代理前缀 -> https://raw.githubusercontent.com/Jsnzkpg/Jsnzkpg/Jsnzkpg/Jsnzkpg1.m3u
[2026-09-03T13:36:23Z] SKIP 已处理 https://raw.githubusercontent.com/Jsnzkpg/Jsnzkpg/Jsnzkpg/Jsnzkpg1.m3u
[2026-09-03T13:36:23Z] 剥离代理前缀 -> https://raw.githubusercontent.com/wujiangliu/live-sources/refs/heads/main/%E5%85%A8%E7%90%83%E7%9B%B4%E6%92%AD.m3u
[2026-09-03T13:36:23Z] SKIP 已处理 https://raw.githubusercontent.com/wujiangliu/live-sources/refs/heads/main/%E5%85%A8%E7%90%83%E7%9B%B4%E6%92%AD.m3u
[2026-09-03T13:36:23Z] 剥离代理前缀 -> https://raw.githubusercontent.com/wujiangliu/live-sources/refs/heads/main/bhmb.m3u
[2026-09-03T13:36:23Z] SKIP 已处理 https://raw.githubusercontent.com/wujiangliu/live-sources/refs/heads/main/bhmb.m3u
[2026-09-03T13:36:23Z] 剥离代理前缀 -> https://raw.githubusercontent.com/FGBLH/EHR663/refs/heads/main/4gtv.txt
[2026-09-03T13:36:23Z] SKIP 已处理 https://raw.githubusercontent.com/FGBLH/EHR663/refs/heads/main/4gtv.txt
[2026-09-03T13:36:23Z] 剥离代理前缀 -> https://raw.githubusercontent.com/FGBLH/EHR663/refs/heads/main/Nettv.txt
[2026-09-03T13:36:23Z] SKIP 已处理 https://raw.githubusercontent.com/FGBLH/EHR663/refs/heads/main/Nettv.txt
[2026-09-03T13:36:23Z] 剥离代理前缀 -> https://raw.githubusercontent.com/FGBLH/EHR663/refs/heads/main/py/275听书.py
[2026-09-03T13:36:23Z] SKIP 已处理 https://raw.githubusercontent.com/FGBLH/EHR663/refs/heads/main/py/275%E5%90%AC%E4%B9%A6.py
[2026-09-03T13:36:23Z] 剥离代理前缀 -> https://raw.githubusercontent.com/FGBLH/EHR663/refs/heads/main/py/456电影网.py
[2026-09-03T13:36:23Z] SKIP 已处理 https://raw.githubusercontent.com/FGBLH/EHR663/refs/heads/main/py/456%E7%94%B5%E5%BD%B1%E7%BD%91.py
[2026-09-03T13:36:23Z] 剥离代理前缀 -> https://raw.githubusercontent.com/FGBLH/EHR663/refs/heads/main/py/4K影视.py
[2026-09-03T13:36:23Z] SKIP 已处理 https://raw.githubusercontent.com/FGBLH/EHR663/refs/heads/main/py/4K%E5%BD%B1%E8%A7%86.py
[2026-09-03T13:36:23Z] 剥离代理前缀 -> https://raw.githubusercontent.com/FGBLH/EHR663/refs/heads/main/py/58影视.py
[2026-09-03T13:36:23Z] SKIP 已处理 https://raw.githubusercontent.com/FGBLH/EHR663/refs/heads/main/py/58%E5%BD%B1%E8%A7%86.py
[2026-09-03T13:36:23Z] 剥离代理前缀 -> https://raw.githubusercontent.com/FGBLH/EHR663/refs/heads/main/py/808影院.py
[2026-09-03T13:36:23Z] SKIP 已处理 https://raw.githubusercontent.com/FGBLH/EHR663/refs/heads/main/py/808%E5%BD%B1%E9%99%A2.py
[2026-09-03T13:36:23Z] 剥离代理前缀 -> https://raw.githubusercontent.com/FGBLH/EHR663/refs/heads/main/py/DJ呦呦.py
[2026-09-03T13:36:23Z] SKIP 已处理 https://raw.githubusercontent.com/FGBLH/EHR663/refs/heads/main/py/DJ%E5%91%A6%E5%91%A6.py
[2026-09-03T13:36:23Z] 剥离代理前缀 -> https://raw.githubusercontent.com/FGBLH/EHR663/refs/heads/main/py/FreeOK.py
[2026-09-03T13:36:23Z] SKIP 已处理 https://raw.githubusercontent.com/FGBLH/EHR663/refs/heads/main/py/FreeOK.py
[2026-09-03T13:36:23Z] 剥离代理前缀 -> https://raw.githubusercontent.com/FGBLH/EHR663/refs/heads/main/py/MiFun动漫.py
[2026-09-03T13:36:23Z] SKIP 已处理 https://raw.githubusercontent.com/FGBLH/EHR663/refs/heads/main/py/MiFun%E5%8A%A8%E6%BC%AB.py
[2026-09-03T13:36:23Z] 剥离代理前缀 -> https://raw.githubusercontent.com/FGBLH/EHR663/refs/heads/main/py/七味.py
[2026-09-03T13:36:23Z] SKIP 已处理 https://raw.githubusercontent.com/FGBLH/EHR663/refs/heads/main/py/%E4%B8%83%E5%91%B3.py
[2026-09-03T13:36:23Z] 剥离代理前缀 -> https://raw.githubusercontent.com/FGBLH/EHR663/refs/heads/main/py/七猫影视.py
[2026-09-03T13:36:23Z] SKIP 已处理 https://raw.githubusercontent.com/FGBLH/EHR663/refs/heads/main/py/%E4%B8%83%E7%8C%AB%E5%BD%B1%E8%A7%86.py
[2026-09-03T13:36:23Z] 剥离代理前缀 -> https://raw.githubusercontent.com/FGBLH/EHR663/refs/heads/main/py/优酷视频.py
[2026-09-03T13:36:23Z] SKIP 已处理 https://raw.githubusercontent.com/FGBLH/EHR663/refs/heads/main/py/%E4%BC%98%E9%85%B7%E8%A7%86%E9%A2%91.py
[2026-09-03T13:36:23Z] 剥离代理前缀 -> https://raw.githubusercontent.com/FGBLH/EHR663/refs/heads/main/py/低端影视.py
[2026-09-03T13:36:23Z] SKIP 已处理 https://raw.githubusercontent.com/FGBLH/EHR663/refs/heads/main/py/%E4%BD%8E%E7%AB%AF%E5%BD%B1%E8%A7%86.py
[2026-09-03T13:36:23Z] 剥离代理前缀 -> https://raw.githubusercontent.com/FGBLH/EHR663/refs/heads/main/py/兄弟影视.py
[2026-09-03T13:36:23Z] SKIP 已处理 https://raw.githubusercontent.com/FGBLH/EHR663/refs/heads/main/py/%E5%85%84%E5%BC%9F%E5%BD%B1%E8%A7%86.py
[2026-09-03T13:36:23Z] 剥离代理前缀 -> https://raw.githubusercontent.com/FGBLH/EHR663/refs/heads/main/py/八天电影.py
[2026-09-03T13:36:23Z] SKIP 已处理 https://raw.githubusercontent.com/FGBLH/EHR663/refs/heads/main/py/%E5%85%AB%E5%A4%A9%E7%94%B5%E5%BD%B1.py
[2026-09-03T13:36:23Z] 剥离代理前缀 -> https://raw.githubusercontent.com/FGBLH/EHR663/refs/heads/main/py/共青春影院.py
[2026-09-03T13:36:23Z] SKIP 已处理 https://raw.githubusercontent.com/FGBLH/EHR663/refs/heads/main/py/%E5%85%B1%E9%9D%92%E6%98%A5%E5%BD%B1%E9%99%A2.py
[2026-09-03T13:36:23Z] 剥离代理前缀 -> https://raw.githubusercontent.com/FGBLH/EHR663/refs/heads/main/py/农民影视.py
[2026-09-03T13:36:23Z] SKIP 已处理 https://raw.githubusercontent.com/FGBLH/EHR663/refs/heads/main/py/%E5%86%9C%E6%B0%91%E5%BD%B1%E8%A7%86.py
[2026-09-03T13:36:23Z] 剥离代理前缀 -> https://raw.githubusercontent.com/FGBLH/EHR663/refs/heads/main/py/初见影视.py
[2026-09-03T13:36:23Z] SKIP 已处理 https://raw.githubusercontent.com/FGBLH/EHR663/refs/heads/main/py/%E5%88%9D%E8%A7%81%E5%BD%B1%E8%A7%86.py
[2026-09-03T13:36:23Z] 剥离代理前缀 -> https://raw.githubusercontent.com/FGBLH/EHR663/refs/heads/main/py/剧OK.py
[2026-09-03T13:36:23Z] SKIP 已处理 https://raw.githubusercontent.com/FGBLH/EHR663/refs/heads/main/py/%E5%89%A7OK.py
[2026-09-03T13:36:23Z] 剥离代理前缀 -> https://raw.githubusercontent.com/FGBLH/EHR663/refs/heads/main/py/动漫啦.py
[2026-09-03T13:36:23Z] SKIP 已处理 https://raw.githubusercontent.com/FGBLH/EHR663/refs/heads/main/py/%E5%8A%A8%E6%BC%AB%E5%95%A6.py
[2026-09-03T13:36:23Z] 剥离代理前缀 -> https://raw.githubusercontent.com/FGBLH/EHR663/refs/heads/main/py/动漫巴士.py
[2026-09-03T13:36:23Z] SKIP 已处理 https://raw.githubusercontent.com/FGBLH/EHR663/refs/heads/main/py/%E5%8A%A8%E6%BC%AB%E5%B7%B4%E5%A3%AB.py
[2026-09-03T13:36:23Z] 剥离代理前缀 -> https://raw.githubusercontent.com/FGBLH/EHR663/refs/heads/main/py/努努影院.py
[2026-09-03T13:36:23Z] SKIP 已处理 https://raw.githubusercontent.com/FGBLH/EHR663/refs/heads/main/py/%E5%8A%AA%E5%8A%AA%E5%BD%B1%E9%99%A2.py
[2026-09-03T13:36:23Z] 剥离代理前缀 -> https://raw.githubusercontent.com/FGBLH/EHR663/refs/heads/main/py/千千影视.py
[2026-09-03T13:36:23Z] SKIP 未变化 FGBLH__EHR663/千千影视.py
[2026-09-03T13:36:23Z] 剥离代理前缀 -> https://raw.githubusercontent.com/FGBLH/EHR663/refs/heads/main/py/华数TV.py
[2026-09-03T13:36:23Z] SKIP 已处理 https://raw.githubusercontent.com/FGBLH/EHR663/refs/heads/main/py/%E5%8D%8E%E6%95%B0TV.py
[2026-09-03T13:36:23Z] 剥离代理前缀 -> https://raw.githubusercontent.com/FGBLH/EHR663/refs/heads/main/py/厂长影视.py
[2026-09-03T13:36:23Z] SKIP 已处理 https://raw.githubusercontent.com/FGBLH/EHR663/refs/heads/main/py/%E5%8E%82%E9%95%BF%E5%BD%B1%E8%A7%86.py
[2026-09-03T13:36:23Z] 剥离代理前缀 -> https://raw.githubusercontent.com/FGBLH/EHR663/refs/heads/main/py/可可影视.py
[2026-09-03T13:36:23Z] SKIP 已处理 https://raw.githubusercontent.com/FGBLH/EHR663/refs/heads/main/py/%E5%8F%AF%E5%8F%AF%E5%BD%B1%E8%A7%86.py
[2026-09-03T13:36:23Z] 剥离代理前缀 -> https://raw.githubusercontent.com/FGBLH/EHR663/refs/heads/main/py/咖啡直播.py
[2026-09-03T13:36:23Z] SKIP 已处理 https://raw.githubusercontent.com/FGBLH/EHR663/refs/heads/main/py/%E5%92%96%E5%95%A1%E7%9B%B4%E6%92%AD.py
[2026-09-03T13:36:23Z] 剥离代理前缀 -> https://raw.githubusercontent.com/FGBLH/EHR663/refs/heads/main/py/哇哇APP.py
[2026-09-03T13:36:23Z] SKIP 已处理 https://raw.githubusercontent.com/FGBLH/EHR663/refs/heads/main/py/%E5%93%87%E5%93%87APP.py
[2026-09-03T13:36:23Z] 剥离代理前缀 -> https://raw.githubusercontent.com/FGBLH/EHR663/refs/heads/main/py/哔哩直播.py
[2026-09-03T13:36:23Z] SKIP 已处理 https://raw.githubusercontent.com/FGBLH/EHR663/refs/heads/main/py/%E5%93%94%E5%93%A9%E7%9B%B4%E6%92%AD.py
[2026-09-03T13:36:23Z] 剥离代理前缀 -> https://raw.githubusercontent.com/FGBLH/EHR663/refs/heads/main/py/喜福短剧.py
[2026-09-03T13:36:23Z] SKIP 已处理 https://raw.githubusercontent.com/FGBLH/EHR663/refs/heads/main/py/%E5%96%9C%E7%A6%8F%E7%9F%AD%E5%89%A7.py
[2026-09-03T13:36:23Z] 剥离代理前缀 -> https://raw.githubusercontent.com/FGBLH/EHR663/refs/heads/main/py/嘀嗒影视.py
[2026-09-03T13:36:23Z] SKIP 已处理 https://raw.githubusercontent.com/FGBLH/EHR663/refs/heads/main/py/%E5%98%80%E5%97%92%E5%BD%B1%E8%A7%86.py
[2026-09-03T13:36:23Z] 剥离代理前缀 -> https://raw.githubusercontent.com/FGBLH/EHR663/refs/heads/main/py/多瑙影院.py
[2026-09-03T13:36:23Z] SKIP 已处理 https://raw.githubusercontent.com/FGBLH/EHR663/refs/heads/main/py/%E5%A4%9A%E7%91%99%E5%BD%B1%E9%99%A2.py
[2026-09-03T13:36:23Z] 剥离代理前缀 -> https://raw.githubusercontent.com/FGBLH/EHR663/refs/heads/main/py/太乙影视.py
[2026-09-03T13:36:23Z] SKIP 已处理 https://raw.githubusercontent.com/FGBLH/EHR663/refs/heads/main/py/%E5%A4%AA%E4%B9%99%E5%BD%B1%E8%A7%86.py
[2026-09-03T13:36:23Z] 剥离代理前缀 -> https://raw.githubusercontent.com/FGBLH/EHR663/refs/heads/main/py/奇优影院.py
[2026-09-03T13:36:23Z] SKIP 已处理 https://raw.githubusercontent.com/FGBLH/EHR663/refs/heads/main/py/%E5%A5%87%E4%BC%98%E5%BD%B1%E9%99%A2.py
[2026-09-03T13:36:23Z] 剥离代理前缀 -> https://raw.githubusercontent.com/FGBLH/EHR663/refs/heads/main/py/奇点影视.py
[2026-09-03T13:36:23Z] SKIP 已处理 https://raw.githubusercontent.com/FGBLH/EHR663/refs/heads/main/py/%E5%A5%87%E7%82%B9%E5%BD%B1%E8%A7%86.py
[2026-09-03T13:36:23Z] 剥离代理前缀 -> https://raw.githubusercontent.com/FGBLH/EHR663/refs/heads/main/py/奈非工厂.py
[2026-09-03T13:36:23Z] SKIP 已处理 https://raw.githubusercontent.com/FGBLH/EHR663/refs/heads/main/py/%E5%A5%88%E9%9D%9E%E5%B7%A5%E5%8E%82.py
[2026-09-03T13:36:23Z] 剥离代理前缀 -> https://raw.githubusercontent.com/FGBLH/EHR663/refs/heads/main/py/好剧屋.py
[2026-09-03T13:36:23Z] SKIP 已处理 https://raw.githubusercontent.com/FGBLH/EHR663/refs/heads/main/py/%E5%A5%BD%E5%89%A7%E5%B1%8B.py
[2026-09-03T13:36:23Z] 剥离代理前缀 -> https://raw.githubusercontent.com/FGBLH/EHR663/refs/heads/main/py/威视TV.py
[2026-09-03T13:36:23Z] SKIP 已处理 https://raw.githubusercontent.com/FGBLH/EHR663/refs/heads/main/py/%E5%A8%81%E8%A7%86TV.py
[2026-09-03T13:36:23Z] 剥离代理前缀 -> https://raw.githubusercontent.com/FGBLH/EHR663/refs/heads/main/py/悟圣短剧.py
[2026-09-03T13:36:23Z] SKIP 已处理 https://raw.githubusercontent.com/FGBLH/EHR663/refs/heads/main/py/%E6%82%9F%E5%9C%A3%E7%9F%AD%E5%89%A7.py
[2026-09-03T13:36:23Z] 剥离代理前缀 -> https://raw.githubusercontent.com/FGBLH/EHR663/refs/heads/main/py/悟空影视.py
[2026-09-03T13:36:23Z] SKIP 已处理 https://raw.githubusercontent.com/FGBLH/EHR663/refs/heads/main/py/%E6%82%9F%E7%A9%BA%E5%BD%B1%E8%A7%86.py
[2026-09-03T13:36:23Z] 剥离代理前缀 -> https://raw.githubusercontent.com/FGBLH/EHR663/refs/heads/main/py/悦听吧.py
[2026-09-03T13:36:23Z] SKIP 已处理 https://raw.githubusercontent.com/FGBLH/EHR663/refs/heads/main/py/%E6%82%A6%E5%90%AC%E5%90%A7.py
[2026-09-03T13:36:23Z] 剥离代理前缀 -> https://raw.githubusercontent.com/FGBLH/EHR663/refs/heads/main/py/星河影视.py
[2026-09-03T13:36:23Z] SKIP 已处理 https://raw.githubusercontent.com/FGBLH/EHR663/refs/heads/main/py/%E6%98%9F%E6%B2%B3%E5%BD%B1%E8%A7%86.py
[2026-09-03T13:36:23Z] 剥离代理前缀 -> https://raw.githubusercontent.com/FGBLH/EHR663/refs/heads/main/py/星芽短剧.py
[2026-09-03T13:36:23Z] SKIP 已处理 https://raw.githubusercontent.com/FGBLH/EHR663/refs/heads/main/py/%E6%98%9F%E8%8A%BD%E7%9F%AD%E5%89%A7.py
[2026-09-03T13:36:23Z] 剥离代理前缀 -> https://raw.githubusercontent.com/FGBLH/EHR663/refs/heads/main/py/星辰影院.py
[2026-09-03T13:36:23Z] SKIP 已处理 https://raw.githubusercontent.com/FGBLH/EHR663/refs/heads/main/py/%E6%98%9F%E8%BE%B0%E5%BD%B1%E9%99%A2.py
[2026-09-03T13:36:23Z] 剥离代理前缀 -> https://raw.githubusercontent.com/FGBLH/EHR663/refs/heads/main/py/映像星球.py
[2026-09-03T13:36:23Z] SKIP 已处理 https://raw.githubusercontent.com/FGBLH/EHR663/refs/heads/main/py/%E6%98%A0%E5%83%8F%E6%98%9F%E7%90%83.py
[2026-09-03T13:36:23Z] 剥离代理前缀 -> https://raw.githubusercontent.com/FGBLH/EHR663/refs/heads/main/py/枝枝影视.py
[2026-09-03T13:36:23Z] SKIP 已处理 https://raw.githubusercontent.com/FGBLH/EHR663/refs/heads/main/py/%E6%9E%9D%E6%9E%9D%E5%BD%B1%E8%A7%86.py
[2026-09-03T13:36:23Z] 剥离代理前缀 -> https://raw.githubusercontent.com/FGBLH/EHR663/refs/heads/main/py/枫叶4K.py
[2026-09-03T13:36:23Z] SKIP 已处理 https://raw.githubusercontent.com/FGBLH/EHR663/refs/heads/main/py/%E6%9E%AB%E5%8F%B64K.py
[2026-09-03T13:36:23Z] 剥离代理前缀 -> https://raw.githubusercontent.com/FGBLH/EHR663/refs/heads/main/py/枫叶音乐.py
[2026-09-03T13:36:23Z] SKIP 已处理 https://raw.githubusercontent.com/FGBLH/EHR663/refs/heads/main/py/%E6%9E%AB%E5%8F%B6%E9%9F%B3%E4%B9%90.py
[2026-09-03T13:36:23Z] 剥离代理前缀 -> https://raw.githubusercontent.com/FGBLH/EHR663/refs/heads/main/py/柯南影视.py
[2026-09-03T13:36:23Z] SKIP 已处理 https://raw.githubusercontent.com/FGBLH/EHR663/refs/heads/main/py/%E6%9F%AF%E5%8D%97%E5%BD%B1%E8%A7%86.py
[2026-09-03T13:36:23Z] 剥离代理前缀 -> https://raw.githubusercontent.com/FGBLH/EHR663/refs/heads/main/py/毒舌影视.py
[2026-09-03T13:36:23Z] SKIP 已处理 https://raw.githubusercontent.com/FGBLH/EHR663/refs/heads/main/py/%E6%AF%92%E8%88%8C%E5%BD%B1%E8%A7%86.py
[2026-09-03T13:36:23Z] 剥离代理前缀 -> https://raw.githubusercontent.com/FGBLH/EHR663/refs/heads/main/py/永乐视频.py
[2026-09-03T13:36:23Z] SKIP 已处理 https://raw.githubusercontent.com/FGBLH/EHR663/refs/heads/main/py/%E6%B0%B8%E4%B9%90%E8%A7%86%E9%A2%91.py
[2026-09-03T13:36:23Z] 剥离代理前缀 -> https://raw.githubusercontent.com/FGBLH/EHR663/refs/heads/main/py/河马剧场.py
[2026-09-03T13:36:23Z] SKIP 已处理 https://raw.githubusercontent.com/FGBLH/EHR663/refs/heads/main/py/%E6%B2%B3%E9%A9%AC%E5%89%A7%E5%9C%BA.py
[2026-09-03T13:36:23Z] 剥离代理前缀 -> https://raw.githubusercontent.com/FGBLH/EHR663/refs/heads/main/py/油管.py
[2026-09-03T13:36:23Z] SKIP 已处理 https://raw.githubusercontent.com/FGBLH/EHR663/refs/heads/main/py/%E6%B2%B9%E7%AE%A1.py
[2026-09-03T13:36:23Z] 剥离代理前缀 -> https://raw.githubusercontent.com/FGBLH/EHR663/refs/heads/main/py/油管直播.py
[2026-09-03T13:36:23Z] SKIP 已处理 https://raw.githubusercontent.com/FGBLH/EHR663/refs/heads/main/py/%E6%B2%B9%E7%AE%A1%E7%9B%B4%E6%92%AD.py
[2026-09-03T13:36:23Z] 剥离代理前缀 -> https://raw.githubusercontent.com/FGBLH/EHR663/refs/heads/main/py/泥视频.py
[2026-09-03T13:36:23Z] SKIP 已处理 https://raw.githubusercontent.com/FGBLH/EHR663/refs/heads/main/py/%E6%B3%A5%E8%A7%86%E9%A2%91.py
[2026-09-03T13:36:23Z] 剥离代理前缀 -> https://raw.githubusercontent.com/FGBLH/EHR663/refs/heads/main/py/热播APP.py
[2026-09-03T13:36:23Z] SKIP 已处理 https://raw.githubusercontent.com/FGBLH/EHR663/refs/heads/main/py/%E7%83%AD%E6%92%ADAPP.py
[2026-09-03T13:36:23Z] 剥离代理前缀 -> https://raw.githubusercontent.com/FGBLH/EHR663/refs/heads/main/py/熊猫直播.py
[2026-09-03T13:36:23Z] SKIP 已处理 https://raw.githubusercontent.com/FGBLH/EHR663/refs/heads/main/py/%E7%86%8A%E7%8C%AB%E7%9B%B4%E6%92%AD.py
[2026-09-03T13:36:23Z] 剥离代理前缀 -> https://raw.githubusercontent.com/FGBLH/EHR663/refs/heads/main/py/爱壹帆.py
[2026-09-03T13:36:23Z] SKIP 已处理 https://raw.githubusercontent.com/FGBLH/EHR663/refs/heads/main/py/%E7%88%B1%E5%A3%B9%E5%B8%86.py
[2026-09-03T13:36:23Z] 剥离代理前缀 -> https://raw.githubusercontent.com/FGBLH/EHR663/refs/heads/main/py/爱看机器人.py
[2026-09-03T13:36:23Z] SKIP 已处理 https://raw.githubusercontent.com/FGBLH/EHR663/refs/heads/main/py/%E7%88%B1%E7%9C%8B%E6%9C%BA%E5%99%A8%E4%BA%BA.py
[2026-09-03T13:36:23Z] 剥离代理前缀 -> https://raw.githubusercontent.com/FGBLH/EHR663/refs/heads/main/py/瓜子APP.py
[2026-09-03T13:36:23Z] SKIP 已处理 https://raw.githubusercontent.com/FGBLH/EHR663/refs/heads/main/py/%E7%93%9C%E5%AD%90APP.py
[2026-09-03T13:36:23Z] 剥离代理前缀 -> https://raw.githubusercontent.com/FGBLH/EHR663/refs/heads/main/py/皮皮虾.py
[2026-09-03T13:36:23Z] SKIP 已处理 https://raw.githubusercontent.com/FGBLH/EHR663/refs/heads/main/py/%E7%9A%AE%E7%9A%AE%E8%99%BE.py
[2026-09-03T13:36:23Z] 剥离代理前缀 -> https://raw.githubusercontent.com/FGBLH/EHR663/refs/heads/main/py/真狼影视.py
[2026-09-03T13:36:23Z] SKIP 已处理 https://raw.githubusercontent.com/FGBLH/EHR663/refs/heads/main/py/%E7%9C%9F%E7%8B%BC%E5%BD%B1%E8%A7%86.py
[2026-09-03T13:36:23Z] 剥离代理前缀 -> https://raw.githubusercontent.com/FGBLH/EHR663/refs/heads/main/py/短剧巴士.py
[2026-09-03T13:36:23Z] SKIP 已处理 https://raw.githubusercontent.com/FGBLH/EHR663/refs/heads/main/py/%E7%9F%AD%E5%89%A7%E5%B7%B4%E5%A3%AB.py
[2026-09-03T13:36:23Z] 剥离代理前缀 -> https://raw.githubusercontent.com/FGBLH/EHR663/refs/heads/main/py/短剧聚合.py
[2026-09-03T13:36:23Z] SKIP 已处理 https://raw.githubusercontent.com/FGBLH/EHR663/refs/heads/main/py/%E7%9F%AD%E5%89%A7%E8%81%9A%E5%90%88.py
[2026-09-03T13:36:23Z] 剥离代理前缀 -> https://raw.githubusercontent.com/FGBLH/EHR663/refs/heads/main/py/神马影视.py
[2026-09-03T13:36:23Z] SKIP 已处理 https://raw.githubusercontent.com/FGBLH/EHR663/refs/heads/main/py/%E7%A5%9E%E9%A9%AC%E5%BD%B1%E8%A7%86.py
[2026-09-03T13:36:23Z] 剥离代理前缀 -> https://raw.githubusercontent.com/FGBLH/EHR663/refs/heads/main/py/糯米短剧.py
[2026-09-03T13:36:23Z] SKIP 已处理 https://raw.githubusercontent.com/FGBLH/EHR663/refs/heads/main/py/%E7%B3%AF%E7%B1%B3%E7%9F%AD%E5%89%A7.py
[2026-09-03T13:36:23Z] 剥离代理前缀 -> https://raw.githubusercontent.com/FGBLH/EHR663/refs/heads/main/py/网飞TV.py
[2026-09-03T13:36:23Z] SKIP 已处理 https://raw.githubusercontent.com/FGBLH/EHR663/refs/heads/main/py/%E7%BD%91%E9%A3%9ETV.py
[2026-09-03T13:36:23Z] 剥离代理前缀 -> https://raw.githubusercontent.com/FGBLH/EHR663/refs/heads/main/py/美剧天堂.py
[2026-09-03T13:36:23Z] SKIP 已处理 https://raw.githubusercontent.com/FGBLH/EHR663/refs/heads/main/py/%E7%BE%8E%E5%89%A7%E5%A4%A9%E5%A0%82.py
[2026-09-03T13:36:23Z] 剥离代理前缀 -> https://raw.githubusercontent.com/FGBLH/EHR663/refs/heads/main/py/聚合直播.py
[2026-09-03T13:36:23Z] SKIP 已处理 https://raw.githubusercontent.com/FGBLH/EHR663/refs/heads/main/py/%E8%81%9A%E5%90%88%E7%9B%B4%E6%92%AD.py
[2026-09-03T13:36:23Z] 剥离代理前缀 -> https://raw.githubusercontent.com/FGBLH/EHR663/refs/heads/main/py/腾讯视频.py
[2026-09-03T13:36:23Z] SKIP 已处理 https://raw.githubusercontent.com/FGBLH/EHR663/refs/heads/main/py/%E8%85%BE%E8%AE%AF%E8%A7%86%E9%A2%91.py
[2026-09-03T13:36:23Z] 剥离代理前缀 -> https://raw.githubusercontent.com/FGBLH/EHR663/refs/heads/main/py/芒果TV.py
[2026-09-03T13:36:23Z] SKIP 已处理 https://raw.githubusercontent.com/FGBLH/EHR663/refs/heads/main/py/%E8%8A%92%E6%9E%9CTV.py
[2026-09-03T13:36:23Z] 剥离代理前缀 -> https://raw.githubusercontent.com/FGBLH/EHR663/refs/heads/main/py/茶杯狐.py
[2026-09-03T13:36:23Z] SKIP 已处理 https://raw.githubusercontent.com/FGBLH/EHR663/refs/heads/main/py/%E8%8C%B6%E6%9D%AF%E7%8B%90.py
[2026-09-03T13:36:23Z] 剥离代理前缀 -> https://raw.githubusercontent.com/FGBLH/EHR663/refs/heads/main/py/蛋挞TV.py
[2026-09-03T13:36:23Z] SKIP 已处理 https://raw.githubusercontent.com/FGBLH/EHR663/refs/heads/main/py/%E8%9B%8B%E6%8C%9ETV.py
[2026-09-03T13:36:23Z] 剥离代理前缀 -> https://raw.githubusercontent.com/FGBLH/EHR663/refs/heads/main/py/蝶卡影视.py
[2026-09-03T13:36:23Z] SKIP 已处理 https://raw.githubusercontent.com/FGBLH/EHR663/refs/heads/main/py/%E8%9D%B6%E5%8D%A1%E5%BD%B1%E8%A7%86.py
[2026-09-03T13:36:23Z] 剥离代理前缀 -> https://raw.githubusercontent.com/FGBLH/EHR663/refs/heads/main/py/袋鼠影视.py
[2026-09-03T13:36:23Z] SKIP 已处理 https://raw.githubusercontent.com/FGBLH/EHR663/refs/heads/main/py/%E8%A2%8B%E9%BC%A0%E5%BD%B1%E8%A7%86.py
[2026-09-03T13:36:23Z] 剥离代理前缀 -> https://raw.githubusercontent.com/FGBLH/EHR663/refs/heads/main/py/观风影视.py
[2026-09-03T13:36:23Z] SKIP 已处理 https://raw.githubusercontent.com/FGBLH/EHR663/refs/heads/main/py/%E8%A7%82%E9%A3%8E%E5%BD%B1%E8%A7%86.py
[2026-09-03T13:36:23Z] 剥离代理前缀 -> https://raw.githubusercontent.com/FGBLH/EHR663/refs/heads/main/py/视觉影院.py
[2026-09-03T13:36:23Z] SKIP 已处理 https://raw.githubusercontent.com/FGBLH/EHR663/refs/heads/main/py/%E8%A7%86%E8%A7%89%E5%BD%B1%E9%99%A2.py
[2026-09-03T13:36:23Z] 剥离代理前缀 -> https://raw.githubusercontent.com/FGBLH/EHR663/refs/heads/main/py/豆花影视.py
[2026-09-03T13:36:23Z] SKIP 已处理 https://raw.githubusercontent.com/FGBLH/EHR663/refs/heads/main/py/%E8%B1%86%E8%8A%B1%E5%BD%B1%E8%A7%86.py
[2026-09-03T13:36:23Z] 剥离代理前缀 -> https://raw.githubusercontent.com/FGBLH/EHR663/refs/heads/main/py/追光影视.py
[2026-09-03T13:36:23Z] SKIP 已处理 https://raw.githubusercontent.com/FGBLH/EHR663/refs/heads/main/py/%E8%BF%BD%E5%85%89%E5%BD%B1%E8%A7%86.py
[2026-09-03T13:36:23Z] 剥离代理前缀 -> https://raw.githubusercontent.com/FGBLH/EHR663/refs/heads/main/py/追影.py
[2026-09-03T13:36:23Z] SKIP 已处理 https://raw.githubusercontent.com/FGBLH/EHR663/refs/heads/main/py/%E8%BF%BD%E5%BD%B1.py
[2026-09-03T13:36:23Z] 剥离代理前缀 -> https://raw.githubusercontent.com/FGBLH/EHR663/refs/heads/main/py/酷我音乐.py
[2026-09-03T13:36:23Z] SKIP 已处理 https://raw.githubusercontent.com/FGBLH/EHR663/refs/heads/main/py/%E9%85%B7%E6%88%91%E9%9F%B3%E4%B9%90.py
[2026-09-03T13:36:23Z] 剥离代理前缀 -> https://raw.githubusercontent.com/FGBLH/EHR663/refs/heads/main/py/采集聚合.py
[2026-09-03T13:36:23Z] SKIP 已处理 https://raw.githubusercontent.com/FGBLH/EHR663/refs/heads/main/py/%E9%87%87%E9%9B%86%E8%81%9A%E5%90%88.py
[2026-09-03T13:36:23Z] 剥离代理前缀 -> https://raw.githubusercontent.com/FGBLH/EHR663/refs/heads/main/py/金牌APP.py
[2026-09-03T13:36:23Z] SKIP 已处理 https://raw.githubusercontent.com/FGBLH/EHR663/refs/heads/main/py/%E9%87%91%E7%89%8CAPP.py
[2026-09-03T13:36:23Z] 剥离代理前缀 -> https://raw.githubusercontent.com/FGBLH/EHR663/refs/heads/main/py/韩小圈.py
[2026-09-03T13:36:23Z] SKIP 已处理 https://raw.githubusercontent.com/FGBLH/EHR663/refs/heads/main/py/%E9%9F%A9%E5%B0%8F%E5%9C%88.py
[2026-09-03T13:36:23Z] 剥离代理前缀 -> https://raw.githubusercontent.com/FGBLH/EHR663/refs/heads/main/py/骚火影视.py
[2026-09-03T13:36:23Z] SKIP 已处理 https://raw.githubusercontent.com/FGBLH/EHR663/refs/heads/main/py/%E9%AA%9A%E7%81%AB%E5%BD%B1%E8%A7%86.py
[2026-09-03T13:36:23Z] 剥离代理前缀 -> https://raw.githubusercontent.com/FGBLH/EHR663/refs/heads/main/py/麒麟影视.py
[2026-09-03T13:36:23Z] SKIP 已处理 https://raw.githubusercontent.com/FGBLH/EHR663/refs/heads/main/py/%E9%BA%92%E9%BA%9F%E5%BD%B1%E8%A7%86.py
[2026-09-03T13:36:23Z] 剥离代理前缀 -> https://raw.githubusercontent.com/FGBLH/EHR663/refs/heads/main/py/麦田影院.py
[2026-09-03T13:36:23Z] SKIP 已处理 https://raw.githubusercontent.com/FGBLH/EHR663/refs/heads/main/py/%E9%BA%A6%E7%94%B0%E5%BD%B1%E9%99%A2.py
[2026-09-03T13:36:23Z] 剥离代理前缀 -> https://raw.githubusercontent.com/FGBLH/EHR663/refs/heads/main/py/麻花影视.py
[2026-09-03T13:36:23Z] SKIP 已处理 https://raw.githubusercontent.com/FGBLH/EHR663/refs/heads/main/py/%E9%BA%BB%E8%8A%B1%E5%BD%B1%E8%A7%86.py
[2026-09-03T13:36:23Z] 剥离代理前缀 -> https://raw.githubusercontent.com/IY-CPU/IY/main/lib/drpy2.min.js
[2026-09-03T13:36:23Z] SKIP 已处理 https://raw.githubusercontent.com/IY-CPU/IY/main/lib/drpy2.min.js
[2026-09-03T13:36:23Z] 剥离代理前缀 -> https://raw.githubusercontent.com/develop202/migu_video/refs/heads/main/interface.txt
[2026-09-03T13:36:23Z] SKIP 已处理 https://raw.githubusercontent.com/develop202/migu_video/refs/heads/main/interface.txt
[2026-09-03T13:36:23Z] 剥离代理前缀 -> https://raw.githubusercontent.com/goodcommunication/mydm/main/yins.json
[2026-09-03T13:36:24Z] SKIP 未变化 FGBLH__EHR663/yins.json
[2026-09-03T13:36:24Z] 剥离代理前缀 -> https://raw.githubusercontent.com/phu889/kjh998/refs/heads/main/jar_js/Music1.json
[2026-09-03T13:36:24Z] SKIP 已处理 https://raw.githubusercontent.com/phu889/kjh998/refs/heads/main/jar_js/Music1.json
[2026-09-03T13:36:24Z] 剥离代理前缀 -> https://raw.githubusercontent.com/phu889/kjh998/refs/heads/main/jar_js/央视直播.js
[2026-09-03T13:36:24Z] SKIP 未变化 FGBLH__EHR663/央视直播.js
[2026-09-03T13:36:24Z] 剥离代理前缀 -> https://raw.githubusercontent.com/phu889/kjh998/refs/heads/main/jar_js/开心影院.js
[2026-09-03T13:36:24Z] SKIP 已处理 https://raw.githubusercontent.com/phu889/kjh998/refs/heads/main/jar_js/%E5%BC%80%E5%BF%83%E5%BD%B1%E9%99%A2.js
[2026-09-03T13:36:24Z] 剥离代理前缀 -> https://raw.githubusercontent.com/phu889/kjh998/refs/heads/main/jar_js/拾光影视.js
[2026-09-03T13:36:24Z] SKIP 已处理 https://raw.githubusercontent.com/phu889/kjh998/refs/heads/main/jar_js/%E6%8B%BE%E5%85%89%E5%BD%B1%E8%A7%86.js
[2026-09-03T13:36:24Z] 剥离代理前缀 -> https://raw.githubusercontent.com/phu889/kjh998/refs/heads/main/jar_js/枫叶影院.js
[2026-09-03T13:36:24Z] SKIP 已处理 https://raw.githubusercontent.com/phu889/kjh998/refs/heads/main/jar_js/%E6%9E%AB%E5%8F%B6%E5%BD%B1%E9%99%A2.js
[2026-09-03T13:36:24Z] 剥离代理前缀 -> https://raw.githubusercontent.com/phu889/kjh998/refs/heads/main/jar_js/片库.js
[2026-09-03T13:36:24Z] SKIP 已处理 https://raw.githubusercontent.com/phu889/kjh998/refs/heads/main/jar_js/%E7%89%87%E5%BA%93.js
[2026-09-03T13:36:24Z] 剥离代理前缀 -> https://raw.githubusercontent.com/phu889/kjh998/refs/heads/main/jar_js/百度短剧.js
[2026-09-03T13:36:24Z] SKIP 已处理 https://raw.githubusercontent.com/phu889/kjh998/refs/heads/main/jar_js/%E7%99%BE%E5%BA%A6%E7%9F%AD%E5%89%A7.js
[2026-09-03T13:36:24Z] 剥离代理前缀 -> https://raw.githubusercontent.com/phu889/kjh998/refs/heads/main/jar_js/腾爱优b站.js
[2026-09-03T13:36:24Z] SKIP 已处理 https://raw.githubusercontent.com/phu889/kjh998/refs/heads/main/jar_js/%E8%85%BE%E7%88%B1%E4%BC%98b%E7%AB%99.js
[2026-09-03T13:36:24Z] 剥离代理前缀 -> https://raw.githubusercontent.com/phu889/kjh998/refs/heads/main/jar_js/西瓜影视.js
[2026-09-03T13:36:24Z] SKIP 已处理 https://raw.githubusercontent.com/phu889/kjh998/refs/heads/main/jar_js/%E8%A5%BF%E7%93%9C%E5%BD%B1%E8%A7%86.js
[2026-09-03T13:36:24Z] 剥离代理前缀 -> https://raw.githubusercontent.com/phu889/kjh998/refs/heads/main/py/CNFLIX.py
[2026-09-03T13:36:24Z] SKIP 已处理 https://raw.githubusercontent.com/phu889/kjh998/refs/heads/main/py/CNFLIX.py
[2026-09-03T13:36:24Z] 剥离代理前缀 -> https://raw.githubusercontent.com/phu889/kjh998/refs/heads/main/py/云途影视.py
[2026-09-03T13:36:24Z] SKIP 已处理 https://raw.githubusercontent.com/phu889/kjh998/refs/heads/main/py/%E4%BA%91%E9%80%94%E5%BD%B1%E8%A7%86.py
[2026-09-03T13:36:24Z] 剥离代理前缀 -> https://raw.githubusercontent.com/phu889/kjh998/refs/heads/main/py/君念影院.py
[2026-09-03T13:36:24Z] SKIP 已处理 https://raw.githubusercontent.com/phu889/kjh998/refs/heads/main/py/%E5%90%9B%E5%BF%B5%E5%BD%B1%E9%99%A2.py
[2026-09-03T13:36:24Z] 剥离代理前缀 -> https://raw.githubusercontent.com/phu889/kjh998/refs/heads/main/py/在线短剧.py
[2026-09-03T13:36:24Z] SKIP 已处理 https://raw.githubusercontent.com/phu889/kjh998/refs/heads/main/py/%E5%9C%A8%E7%BA%BF%E7%9F%AD%E5%89%A7.py
[2026-09-03T13:36:24Z] 剥离代理前缀 -> https://raw.githubusercontent.com/phu889/kjh998/refs/heads/main/py/夏日影院.py
[2026-09-03T13:36:24Z] SKIP 已处理 https://raw.githubusercontent.com/phu889/kjh998/refs/heads/main/py/%E5%A4%8F%E6%97%A5%E5%BD%B1%E9%99%A2.py
[2026-09-03T13:36:24Z] 剥离代理前缀 -> https://raw.githubusercontent.com/phu889/kjh998/refs/heads/main/py/永乐视频.py
[2026-09-03T13:36:24Z] SKIP 已处理 https://raw.githubusercontent.com/phu889/kjh998/refs/heads/main/py/%E6%B0%B8%E4%B9%90%E8%A7%86%E9%A2%91.py
[2026-09-03T13:36:24Z] 剥离代理前缀 -> https://raw.githubusercontent.com/phu889/kjh998/refs/heads/main/py/短剧大全.py
[2026-09-03T13:36:24Z] SKIP 已处理 https://raw.githubusercontent.com/phu889/kjh998/refs/heads/main/py/%E7%9F%AD%E5%89%A7%E5%A4%A7%E5%85%A8.py
[2026-09-03T13:36:24Z] 剥离代理前缀 -> https://raw.githubusercontent.com/phu889/kjh998/refs/heads/main/py/石榴短剧.py
[2026-09-03T13:36:24Z] SKIP 已处理 https://raw.githubusercontent.com/phu889/kjh998/refs/heads/main/py/%E7%9F%B3%E6%A6%B4%E7%9F%AD%E5%89%A7.py
[2026-09-03T13:36:24Z] 剥离代理前缀 -> https://raw.githubusercontent.com/phu889/kjh998/refs/heads/main/py/蚕驰短剧网.py
[2026-09-03T13:36:24Z] SKIP 已处理 https://raw.githubusercontent.com/phu889/kjh998/refs/heads/main/py/%E8%9A%95%E9%A9%B0%E7%9F%AD%E5%89%A7%E7%BD%91.py
[2026-09-03T13:36:24Z] 剥离代理前缀 -> https://raw.githubusercontent.com/phu889/kjh998/refs/heads/main/py/风尚影视.py
[2026-09-03T13:36:24Z] SKIP 已处理 https://raw.githubusercontent.com/phu889/kjh998/refs/heads/main/py/%E9%A3%8E%E5%B0%9A%E5%BD%B1%E8%A7%86.py
[2026-09-03T13:36:24Z] SKIP 已处理 https://iptv.yang-1989.eu.org/m3u/Gather.m3u
[2026-09-03T13:36:41Z]   重试 1 失败: <urlopen error [Errno -3] Temporary failure in name resolution>
[2026-09-03T13:36:55Z]   重试 2 失败: <urlopen error [Errno -2] Name or service not known>
[2026-09-03T13:37:01Z]   重试 3 失败: <urlopen error [Errno -2] Name or service not known>
[2026-09-03T13:37:11Z] FAIL 子链接 https://jx.jsonplayer.com/player/?url= -> <urlopen error [Errno -2] Name or service not known>
[2026-09-03T13:37:11Z] SKIP 已处理 https://jx.m3u8.tv/jiexi/?url=
[2026-09-03T13:37:11Z] SKIP 已处理 https://live.445569.xyz/live.m3u
[2026-09-03T13:37:11Z] SKIP 已处理 https://nm.xxxc137.top/static/player/artplayer.html?url=
[2026-09-03T13:37:11Z] SKIP 已处理 https://php.946985.filegear-sg.me/jackTV.m3u
[2026-09-03T13:37:11Z] SKIP 已处理 https://raw.githubusercontent.com/Guovin/iptv-api/gd/output/ipv4/result.m3u
[2026-09-03T13:37:11Z] SKIP 已处理 https://raw.githubusercontent.com/xJEYDAin/iptv/main/output/all_merged.m3u
[2026-09-03T13:37:11Z] SKIP 已处理 https://t.freetv.fun/m3u/playlist_all.txt
[2026-09-03T13:37:11Z] 剥离代理前缀 -> https://raw.githubusercontent.com/vinkerq/iptv-api/refs/heads/master/iptv.txt
[2026-09-03T13:37:11Z] SKIP 已处理 https://raw.githubusercontent.com/vinkerq/iptv-api/refs/heads/master/iptv.txt
[2026-09-03T13:37:11Z] SKIP 已处理 https://www.985pan.com/down.php/bf5e9607ff407fcdd71f63928ea5bc79.txt
[2026-09-03T13:37:11Z] SKIP 重复内容 FGBLH__EHR663/275听书.py
[2026-09-03T13:37:11Z] SKIP 未变化 FGBLH__EHR663/30剧集网🍀TG @hshsjk9.py
[2026-09-03T13:37:11Z] SKIP 重复内容 FGBLH__EHR663/456电影网.py
[2026-09-03T13:37:12Z] SKIP 重复内容 FGBLH__EHR663/4K影视.py
[2026-09-03T13:37:12Z] SKIP 重复内容 FGBLH__EHR663/58影视.py
[2026-09-03T13:37:12Z] SKIP 未变化 FGBLH__EHR663/66大片网🍀TG @hshsjk9.py
[2026-09-03T13:37:12Z] SKIP 重复内容 FGBLH__EHR663/808影院.py
[2026-09-03T13:37:12Z] SKIP 未变化 FGBLH__EHR663/ASMR吧🍀TG @hshsjk9.py
[2026-09-03T13:37:12Z] SKIP 未变化 FGBLH__EHR663/Auete影视🍀TG @hshsjk9.py
[2026-09-03T13:37:13Z] SKIP 重复内容 FGBLH__EHR663/DJ呦呦.py
[2026-09-03T13:37:13Z] SKIP 未变化 FGBLH__EHR663/EcoHub影视🍀TG @hshsjk9.py
[2026-09-03T13:37:13Z] SKIP 未变化 FGBLH__EHR663/FoFo影院🍀TG @hshsjk9.py
[2026-09-03T13:37:13Z] SKIP 重复内容 FGBLH__EHR663/FreeOK.py
[2026-09-03T13:37:13Z] SKIP 重复内容 FGBLH__EHR663/MiFun动漫.py
[2026-09-03T13:37:13Z] SKIP 未变化 FGBLH__EHR663/VIP兔🍀TG @hshsjk9.py
[2026-09-03T13:37:13Z] SKIP 未变化 FGBLH__EHR663/VS影院🍀TG @hshsjk9.py
[2026-09-03T13:37:13Z] SKIP 未变化 FGBLH__EHR663/pomo🍀TG @hshsjk9.py
[2026-09-03T13:37:13Z] SKIP 未变化 FGBLH__EHR663/vidhub🍀TG @hshsjk9.py
[2026-09-03T13:37:13Z] SKIP 未变化 FGBLH__EHR663/一起影视🍀TG @hshsjk9.py
[2026-09-03T13:37:13Z] SKIP 重复内容 FGBLH__EHR663/七味.py
[2026-09-03T13:37:13Z] SKIP 重复内容 FGBLH__EHR663/七猫影视.py
[2026-09-03T13:37:14Z] SKIP 未变化 FGBLH__EHR663/仙腾影院🍀TG @hshsjk9.py
[2026-09-03T13:37:14Z] SKIP 重复内容 FGBLH__EHR663/优酷视频.py
[2026-09-03T13:37:14Z] SKIP 重复内容 FGBLH__EHR663/低端影视.py
[2026-09-03T13:37:14Z] SKIP 重复内容 FGBLH__EHR663/兄弟影视.py
[2026-09-03T13:37:14Z] SKIP 未变化 FGBLH__EHR663/兔岛影院🍀TG @hshsjk9.py
[2026-09-03T13:37:14Z] SKIP 重复内容 FGBLH__EHR663/八天电影.py
[2026-09-03T13:37:14Z] SKIP 未变化 FGBLH__EHR663/八戒影视🍀TG @hshsjk9.py
[2026-09-03T13:37:14Z] SKIP 未变化 FGBLH__EHR663/共和国动漫🍀TG @hshsjk9.py
[2026-09-03T13:37:14Z] SKIP 重复内容 FGBLH__EHR663/共青春影院.py
[2026-09-03T13:37:14Z] SKIP 重复内容 FGBLH__EHR663/农民影视.py
[2026-09-03T13:37:14Z] SKIP 重复内容 FGBLH__EHR663/初见影视.py
[2026-09-03T13:37:14Z] SKIP 未变化 FGBLH__EHR663/刷不停短剧🍀TG @hshsjk9.py
[2026-09-03T13:37:15Z] SKIP 重复内容 FGBLH__EHR663/剧OK.py
[2026-09-03T13:37:15Z] SKIP 未变化 FGBLH__EHR663/剧下饭4K🍀TG @hshsjk9.py
[2026-09-03T13:37:15Z] SKIP 重复内容 FGBLH__EHR663/动漫啦.py
[2026-09-03T13:37:15Z] SKIP 重复内容 FGBLH__EHR663/动漫巴士.py
[2026-09-03T13:37:15Z] SKIP 重复内容 FGBLH__EHR663/努努影院.py
[2026-09-03T13:37:15Z] SKIP 重复内容 FGBLH__EHR663/千千影视.py
[2026-09-03T13:37:15Z] SKIP 未变化 FGBLH__EHR663/千千音乐🍀TG @hshsjk9.py
[2026-09-03T13:37:15Z] SKIP 重复内容 FGBLH__EHR663/华数TV.py
[2026-09-03T13:37:15Z] SKIP 重复内容 FGBLH__EHR663/厂长影视.py
[2026-09-03T13:37:15Z] SKIP 未变化 FGBLH__EHR663/厂长资源🍀TG @hshsjk9.py
[2026-09-03T13:37:15Z] SKIP 重复内容 FGBLH__EHR663/可可影视.py
[2026-09-03T13:37:15Z] SKIP 未变化 FGBLH__EHR663/听书网456🍀TG @hshsjk9.py
[2026-09-03T13:37:15Z] SKIP 重复内容 FGBLH__EHR663/咖啡直播.py
[2026-09-03T13:37:16Z] SKIP 重复内容 FGBLH__EHR663/哇哇APP.py
[2026-09-03T13:37:16Z] SKIP 重复内容 FGBLH__EHR663/哔哩直播.py
[2026-09-03T13:37:16Z] SKIP 重复内容 FGBLH__EHR663/喜福短剧.py
[2026-09-03T13:37:16Z] SKIP 重复内容 FGBLH__EHR663/嘀嗒影视.py
[2026-09-03T13:37:16Z] SKIP 未变化 FGBLH__EHR663/多多影视🍀TG @hshsjk9.py
[2026-09-03T13:37:16Z] SKIP 重复内容 FGBLH__EHR663/多瑙影院.py
[2026-09-03T13:37:16Z] SKIP 未变化 FGBLH__EHR663/大象短剧🍀TG @hshsjk9.py
[2026-09-03T13:37:17Z] SKIP 未变化 FGBLH__EHR663/大马猴🍀TG @hshsjk9.py
[2026-09-03T13:37:17Z] SKIP 重复内容 FGBLH__EHR663/太乙影视.py
[2026-09-03T13:37:17Z] SKIP 重复内容 FGBLH__EHR663/奇优影院.py
[2026-09-03T13:37:17Z] SKIP 重复内容 FGBLH__EHR663/奇点影视.py
[2026-09-03T13:37:17Z] SKIP 重复内容 FGBLH__EHR663/奈非工厂.py
[2026-09-03T13:37:17Z] SKIP 重复内容 FGBLH__EHR663/好剧屋.py
[2026-09-03T13:37:17Z] SKIP 未变化 FGBLH__EHR663/好好看🍀TG @hshsjk9.py
[2026-09-03T13:37:17Z] SKIP 重复内容 FGBLH__EHR663/威视TV.py
[2026-09-03T13:37:17Z] SKIP 未变化 FGBLH__EHR663/宅男影视🍀TG @hshsjk9.py
[2026-09-03T13:37:17Z] SKIP 未变化 FGBLH__EHR663/山水影视🍀TG @hshsjk9.py
[2026-09-03T13:37:17Z] SKIP 未变化 FGBLH__EHR663/影视大全.py
[2026-09-03T13:37:17Z] SKIP 未变化 FGBLH__EHR663/影视大全🍀TG @hshsjk9.py
[2026-09-03T13:37:17Z] SKIP 重复内容 FGBLH__EHR663/悟圣短剧.py
[2026-09-03T13:37:17Z] SKIP 重复内容 FGBLH__EHR663/悟空影视.py
[2026-09-03T13:37:18Z] SKIP 重复内容 FGBLH__EHR663/悦听吧.py
[2026-09-03T13:37:18Z] SKIP 未变化 FGBLH__EHR663/搜剧AI🍀TG @hshsjk9.py
[2026-09-03T13:37:20Z]   重试 1 失败: <urlopen error [Errno 104] Connection reset by peer>
[2026-09-03T13:37:20Z] SKIP 未变化 FGBLH__EHR663/易听书网🍀TG @hshsjk9.py
[2026-09-03T13:37:20Z] SKIP 未变化 FGBLH__EHR663/星梦Asmr🍀TG @hshsjk9.py
[2026-09-03T13:37:20Z] SKIP 重复内容 FGBLH__EHR663/星河影视.py
[2026-09-03T13:37:20Z] SKIP 重复内容 FGBLH__EHR663/星芽短剧.py
[2026-09-03T13:37:20Z] SKIP 重复内容 FGBLH__EHR663/星辰影院.py
[2026-09-03T13:37:20Z] SKIP 重复内容 FGBLH__EHR663/映像星球.py
[2026-09-03T13:37:20Z] SKIP 未变化 FGBLH__EHR663/映刻短剧🍀TG @hshsjk9.py
[2026-09-03T13:37:20Z] SKIP 未变化 FGBLH__EHR663/智能加载v5.1.py
[2026-09-03T13:37:20Z] SKIP 重复内容 FGBLH__EHR663/枝枝影视.py
[2026-09-03T13:37:21Z] SKIP 重复内容 FGBLH__EHR663/枫叶4K.py
[2026-09-03T13:37:21Z] SKIP 未变化 FGBLH__EHR663/枫叶影院🍀TG @hshsjk9.py
[2026-09-03T13:37:21Z] SKIP 重复内容 FGBLH__EHR663/枫叶音乐.py
[2026-09-03T13:37:21Z] SKIP 重复内容 FGBLH__EHR663/柯南影视.py
[2026-09-03T13:37:21Z] SKIP 未变化 FGBLH__EHR663/楓林網🍀TG @hshsjk9.py
[2026-09-03T13:37:21Z] SKIP 未变化 FGBLH__EHR663/樱之空动漫🍀TG @hshsjk9.py
[2026-09-03T13:37:21Z] SKIP 重复内容 FGBLH__EHR663/毒舌影视.py
[2026-09-03T13:37:21Z] SKIP 未变化 FGBLH__EHR663/毒舌短剧🍀TG @hshsjk9.py
[2026-09-03T13:37:21Z] SKIP 重复内容 FGBLH__EHR663/永乐视频.py
[2026-09-03T13:37:21Z] SKIP 重复内容 FGBLH__EHR663/河马剧场.py
[2026-09-03T13:37:21Z] SKIP 重复内容 FGBLH__EHR663/油管.py
[2026-09-03T13:37:21Z] SKIP 重复内容 FGBLH__EHR663/油管直播.py
[2026-09-03T13:37:21Z] SKIP 未变化 FGBLH__EHR663/泡泡影院🍀TG @hshsjk9.py
[2026-09-03T13:37:22Z] SKIP 重复内容 FGBLH__EHR663/泥视频.py
[2026-09-03T13:37:22Z] SKIP 重复内容 FGBLH__EHR663/热播APP.py
[2026-09-03T13:37:22Z] SKIP 重复内容 FGBLH__EHR663/熊猫直播.py
[2026-09-03T13:37:22Z] SKIP 重复内容 FGBLH__EHR663/爱壹帆.py
[2026-09-03T13:37:22Z] SKIP 重复内容 FGBLH__EHR663/爱看机器人.py
[2026-09-03T13:37:22Z] SKIP 重复内容 FGBLH__EHR663/瓜子APP.py
[2026-09-03T13:37:22Z] SKIP 未变化 FGBLH__EHR663/电影侠🍀TG @hshsjk9.py
[2026-09-03T13:37:22Z] SKIP 未变化 FGBLH__EHR663/百花影院🍀TG @hshsjk9.py
[2026-09-03T13:37:23Z] SKIP 重复内容 FGBLH__EHR663/皮皮虾.py
[2026-09-03T13:37:23Z] SKIP 未变化 FGBLH__EHR663/看剧AI🍀TG @hshsjk9.py
[2026-09-03T13:37:23Z] SKIP 未变化 FGBLH__EHR663/看戏影视🍀TG @hshsjk9.py
[2026-09-03T13:37:23Z] SKIP 重复内容 FGBLH__EHR663/真狼影视.py
[2026-09-03T13:37:23Z] SKIP 重复内容 FGBLH__EHR663/短剧巴士.py
[2026-09-03T13:37:23Z] SKIP 重复内容 FGBLH__EHR663/短剧聚合.py
[2026-09-03T13:37:23Z] SKIP 重复内容 FGBLH__EHR663/神马影视.py
[2026-09-03T13:37:23Z] SKIP 重复内容 FGBLH__EHR663/糯米短剧.py
[2026-09-03T13:37:23Z] SKIP 重复内容 FGBLH__EHR663/网飞TV.py
[2026-09-03T13:37:23Z] SKIP 重复内容 FGBLH__EHR663/美剧天堂.py
[2026-09-03T13:37:24Z] SKIP 重复内容 FGBLH__EHR663/聚合直播.py
[2026-09-03T13:37:24Z] SKIP 未变化 FGBLH__EHR663/腾爱优芒B🍀TG @hshsjk9.py
[2026-09-03T13:37:24Z] SKIP 重复内容 FGBLH__EHR663/腾讯视频.py
[2026-09-03T13:37:24Z] SKIP 未变化 FGBLH__EHR663/自动加载678.py
[2026-09-03T13:37:24Z] SKIP 重复内容 FGBLH__EHR663/芒果TV.py
[2026-09-03T13:37:24Z] SKIP 重复内容 FGBLH__EHR663/茶杯狐.py
[2026-09-03T13:37:24Z] SKIP 未变化 FGBLH__EHR663/草莓影视🍀TG @hshsjk9.py
[2026-09-03T13:37:24Z] SKIP 重复内容 FGBLH__EHR663/蛋挞TV.py
[2026-09-03T13:37:24Z] SKIP 重复内容 FGBLH__EHR663/蝶卡影视.py
[2026-09-03T13:37:25Z] SKIP 重复内容 FGBLH__EHR663/袋鼠影视.py
[2026-09-03T13:37:25Z] SKIP 重复内容 FGBLH__EHR663/观风影视.py
[2026-09-03T13:37:25Z] SKIP 重复内容 FGBLH__EHR663/视觉影院.py
[2026-09-03T13:37:25Z] SKIP 重复内容 FGBLH__EHR663/豆花影视.py
[2026-09-03T13:37:25Z] SKIP 重复内容 FGBLH__EHR663/追光影视.py
[2026-09-03T13:37:25Z] SKIP 重复内容 FGBLH__EHR663/追影.py
[2026-09-03T13:37:25Z] SKIP 重复内容 FGBLH__EHR663/酷我音乐.py
[2026-09-03T13:37:25Z] SKIP 重复内容 FGBLH__EHR663/采集聚合.py
[2026-09-03T13:37:25Z] SKIP 重复内容 FGBLH__EHR663/金牌APP.py
[2026-09-03T13:37:25Z] SKIP 未变化 FGBLH__EHR663/青牛影视🍀TG @hshsjk9.py
[2026-09-03T13:37:25Z] SKIP 未变化 FGBLH__EHR663/青空次元🍀TG @hshsjk9.py
[2026-09-03T13:37:25Z] SKIP 未变化 FGBLH__EHR663/青蛙影视🍀TG @hshsjk9.py
[2026-09-03T13:37:26Z] SKIP 重复内容 FGBLH__EHR663/韩小圈.py
[2026-09-03T13:37:26Z] SKIP 未变化 FGBLH__EHR663/音乐聚合🍀TG @hshsjk9.py
[2026-09-03T13:37:26Z] SKIP 未变化 FGBLH__EHR663/飞快TV🍀TG @hshsjk9.py
[2026-09-03T13:37:26Z] SKIP 未变化 FGBLH__EHR663/飞流视频🍀TG @hshsjk9.py
[2026-09-03T13:37:26Z] SKIP 未变化 FGBLH__EHR663/饭搭子影视.py
[2026-09-03T13:37:26Z] SKIP 未变化 FGBLH__EHR663/首映网🍀TG @hshsjk9.py
[2026-09-03T13:37:26Z] SKIP 重复内容 FGBLH__EHR663/骚火影视.py
[2026-09-03T13:37:26Z] SKIP 未变化 FGBLH__EHR663/高清点播🍀TG @hshsjk9.py
[2026-09-03T13:37:26Z] SKIP 重复内容 FGBLH__EHR663/麒麟影视.py
[2026-09-03T13:37:26Z] SKIP 重复内容 FGBLH__EHR663/麦田影院.py
[2026-09-03T13:37:26Z] SKIP 重复内容 FGBLH__EHR663/麻花影视.py
[2026-09-03T13:37:27Z] SKIP 未变化 FGBLH__EHR663/午夜剧场.txt
[2026-09-03T13:37:27Z] SKIP 未变化 FGBLH__EHR663/安博.txt
[2026-09-03T13:37:27Z] 已生成订阅页：216 个文件
[2026-09-03T13:37:27Z] py.json 合并直播源：模板 1 + 采集 39 = 40 条
[2026-09-03T13:37:27Z] 已生成 tvbox/py.json：150 个 spider 站点
[2026-09-03T13:37:27Z] === 完成：成功 216 / 2 条 ===
[2026-09-03T13:37:27Z] TG 未配置，跳过推送（如需推送请在仓库 Actions Secrets 设置 TG_BOT_TOKEN / TG_CHAT_ID）
